	SEQid	MWend	MWlen	LLR	LLRstart	LLRend	LLRlen	NLLR	VITmaxrun	COREscore	COREstart	COREend	CORElen	PRDscore	PRDstart	PRDend	PRDlen	PROTlen	HMMall	HMMvit	COREaa	STARTaa	ENDaa	PRDaa
0	EME30418	630	80	31.392	580	639	60	0.523	89	31.392	580	639	60	48.574	551	639	89	779	38.243	35.24	PGGRGLPPPNQQQQPQTTGRPSFQGPRPQQNATGSGPQSAQPQQATNQPYNYYSGQPNNN	QGQPQNMPQGSGYPP	TNQPYNYYSGQPNNN	QGQPQNMPQGSGYPPNSSQQSPPQGSPTGPGGRGLPPPNQQQQPQTTGRPSFQGPRPQQNATGSGPQSAQPQQATNQPYNYYSGQPNNN
1	EME27595	230	80	29.997	228	287	60	0.5	138	29.997	228	287	60	55.353	150	287	138	287	47.262	45.481	GNNAGQNHPNGPNNQRQVYSDMQPYPPHQSMMMSSNPSLSGYPGNQYSFHMNPYFGQNNA	SGQQQQQQQQQQLGQ	QYSFHMNPYFGQNNA	SGQQQQQQQQQQLGQGGMGQIPNMSSLHGNNLAAVRQALLSQAVPNFSGNNNMGSIHNMTNASYQQQRGEEQMMSSRDGNNAGQNHPNGPNNQRQVYSDMQPYPPHQSMMMSSNPSLSGYPGNQYSFHMNPYFGQNNA
2	EME27649	685	80	26.414	584	643	60	0.44	221	26.414	584	643	60	53.319	471	691	221	784	42.034	37.445	MPQNQRQRNYQGSVTNPNSMLSQNGMQSTSGRMQPNNSMMGRGGRGGASAPNAAGMTPNN	YPQPGAPMFYPQPGV	SQEQRQQQQARQADN	YPQPGAPMFYPQPGVPPQMQLQTNMMGRGQASFINPQYLAMMGRGAAAAAGTSSGGAGMGSGPVNQNFIGRGTPVMTSPTGGRAPYPSASGVGTNAVPQVGASPPYMPYSVSSMPQNQRQRNYQGSVTNPNSMLSQNGMQSTSGRMQPNNSMMGRGGRGGASAPNAAGMTPNNMPMQLNGQQFKYTMNARNAAPVMNQERVNPEDMSQEQRQQQQARQADN
3	EME26207	504	80	26.252	519	578	60	0.438	109	26.252	519	578	60	40.008	471	579	109	647	30.343	26.421	NMMMTPYMTYGGPGNWSGMPMGGYPSGMYMQYNSNMGGWNPGLVPSMQPQQQMYPNYNNM	PNAASQQPQWNNEMD	MQPQQQMYPNYNNMS	PNAASQQPQWNNEMDSQAPFQTMQGYYSTIGGMNMMPMFPSQHGMMTPNMMMTPYMTYGGPGNWSGMPMGGYPSGMYMQYNSNMGGWNPGLVPSMQPQQQMYPNYNNMS
4	EME26206	504	80	26.252	519	578	60	0.438	109	26.252	519	578	60	40.008	471	579	109	650	30.337	26.418	NMMMTPYMTYGGPGNWSGMPMGGYPSGMYMQYNSNMGGWNPGLVPSMQPQQQMYPNYNNM	PNAASQQPQWNNEMD	MQPQQQMYPNYNNMS	PNAASQQPQWNNEMDSQAPFQTMQGYYSTIGGMNMMPMFPSQHGMMTPNMMMTPYMTYGGPGNWSGMPMGGYPSGMYMQYNSNMGGWNPGLVPSMQPQQQMYPNYNNMS
5	EME27106	575	80	24.668	671	730	60	0.411	102	24.668	671	730	60	29.624	670	771	102	771	22.548	19.959	NPANAAGASNASQMYANSQQGGYYPTGGMGRGSGVYPGPPPPPYANGAYYQPPQGNMPFG	PNPANAAGASNASQM	YGWDPRMGQRRYPPY	PNPANAAGASNASQMYANSQQGGYYPTGGMGRGSGVYPGPPPPPYANGAYYQPPQGNMPFGGMPSHGPPPPPPPGGAYGAPPPPPPPYGWDPRMGQRRYPPY
6	EME31531	80	80	24.74	8	67	60	0.412	63	24.616	3	62	60	25.232	1	63	63	90	18.585	16.996	YYNEKPTYGNYSEPPQPYYQQQQDPYGYPPNSGYPQPPPNVVYVQDPNYQQQQSPMNQGG	MAYYNEKPTYGNYSE	PNYQQQQSPMNQGGG	MAYYNEKPTYGNYSEPPQPYYQQQQDPYGYPPNSGYPQPPPNVVYVQDPNYQQQQSPMNQGGG
7	EME30403	409	80	24.368	358	417	60	0.406	88	24.368	358	417	60	29.721	330	417	88	443	20.413	16.741	DNRNYSPEVFSYNTYQYNNRGGYTDNIYADNNNNINNNNKNDSYNPAPQSNNPPYMFYSG	PASNNSQTDHFVGGN	PAPQSNNPPYMFYSG	PASNNSQTDHFVGGNSNDYNKNTHVTMSDNRNYSPEVFSYNTYQYNNRGGYTDNIYADNNNNINNNNKNDSYNPAPQSNNPPYMFYSG
8	EME29269	128	80	20.855	35	94	60	0.348	93	20.633	34	93	60	31.469	1	93	93	616	30.733	24.286	TSTTYGAGPYGMYQPPPVPSTNYAMNSPYGMYPLPQQQQQLYPMFPGSGAMRQQQAPPPN	MNPYYYQGGPGVGVP	PGSGAMRQQQAPPPN	MNPYYYQGGPGVGVPPQPYGAPPSYPPSQYGRGTSTTYGAGPYGMYQPPPVPSTNYAMNSPYGMYPLPQQQQQLYPMFPGSGAMRQQQAPPPN
9	EME31226	80	80	21.05	45	104	60	0.351	95	20.523	48	107	60	27.165	48	142	95	270	17.454	14.224	GYNNNNNNSGLGSWFSSRWGNPLSGYGGNTYPYSSGFGPYYYGNGGIGNNNMMYGSPWGG	GYNNNNNNSGLGSWF	SPGQNMLASVQNAMQ	GYNNNNNNSGLGSWFSSRWGNPLSGYGGNTYPYSSGFGPYYYGNGGIGNNNMMYGSPWGGGFPGTTNLLGFNNPLVQNFISPGQNMLASVQNAMQ
10	EME27217	147	80	20.507	63	122	60	0.342	148	20.507	63	122	60	30.428	20	167	148	167	22.592	20.484	YYYSFPSQTSSSSVYYSTQSQQQTPVYTVPSQSSTTSYYYSSGGSQQQQSSSYYSSPTQQ	QQENSRGNYYSSGAH	YSSPSTSSSYSTYYG	QQENSRGNYYSSGAHQKAESSYSTAPYSYYYSAPSVQEESSSSYYYSFPSQTSSSSVYYSTQSQQQTPVYTVPSQSSTTSYYYSSGGSQQQQSSSYYSSPTQQETYYYYSPSETSSSSYYYSSSQSGQGEQSSYSSPSTSSSYSTYYG
11	EME30789	657	80	20.029	590	649	60	0.334	260	20.029	590	649	60	47.48	506	765	260	765	38.066	34.787	NPQQQPMTQNLGYLQNQAQTNVGISSATPYASLLNSLSMLQQSQNSSQPGIPSSGQYSMS	SNPSGNSRSSGRSGN	QQQQQQQSNPSQTRR	SNPSGNSRSSGRSGNARAARDSHRNLSQSSTSVTYPTYSNLPGNTQAWPMYGAVSNSPGSNISSMGLSGQPSSLMTMQNQSLHLNPQQQPMTQNLGYLQNQAQTNVGISSATPYASLLNSLSMLQQSQNSSQPGIPSSGQYSMSNILPSGQQTVDLAKVANTLSSLSQFQQQPPPMTRPSNYSQTAVSSGYNIANMLQSLQNSTLPNVSSGIPSISSQLPGSSSATVPTNLLQLLQQAQAHVAMAQQQQQQQSNPSQTRR
12	EME32506	204	80	19.938	83	142	60	0.332	148	19.938	83	142	60	33.187	77	200	124	523	39.09	28.837	GPNNTTSSNSGVQPNTASHNQSLGSSSGNWNTFSTSQTTSGSNAQPFNMFGGNSTPSGTN	GAGASGGPNNTTSSN	ELMRSMMMNNPQMRQ	GAGASGGPNNTTSSNSGVQPNTASHNQSLGSSSGNWNTFSTSQTTSGSNAQPFNMFGGNSTPSGTNSSGLPNMESFGNMANVQQQLMQNPELMRQVMNSPMMQSLLQNPELMRSMMMNNPQMRQ
13	EME28039	442	80	19.365	11	70	60	0.323	75	19.365	11	70	60	20.67	1	75	75	511	22.714	17.231	QPYPYYNSAYGGYPYNQSYGYPPVPSAAPPPPPGTPFYGYQPTRPSFYPTQLPNYVPQQQ	MYPTYSGGWGQPYPY	QLPNYVPQQQVNPAP	MYPTYSGGWGQPYPYYNSAYGGYPYNQSYGYPPVPSAAPPPPPGTPFYGYQPTRPSFYPTQLPNYVPQQQVNPAP
14	EME27924	90	80	19.302	27	86	60	0.322	119	19.302	27	86	60	28.1	1	119	119	519	20.087	18.36	QNTNQPSVQQQPPYYAGYPMQPMWPPGMVPSYGMQPPPTAYSSMQPGMFAGPYYMPTTPY	MSDPSQRYFSHPSAN	PANTQQGPSQSATGQ	MSDPSQRYFSHPSANGWMPPGSFPAPQNTNQPSVQQQPPYYAGYPMQPMWPPGMVPSYGMQPPPTAYSSMQPGMFAGPYYMPTTPYVPNQPSMRPSYSSSKSLVPANTQQGPSQSATGQ
15	EME30630	97	80	16.65	24	83	60	0.277	83	16.65	24	83	60	14.373	1	83	83	327	8.522	5.516	SPNSTANLPSTGWSQPTYNNSFGMTQNIQPNPPTLGTSNFPSVSGGQNYATSYPINSLNQ	MFGSVAATQTTSMGP	GQNYATSYPINSLNQ	MFGSVAATQTTSMGPFSTSSLFTSPNSTANLPSTGWSQPTYNNSFGMTQNIQPNPPTLGTSNFPSVSGGQNYATSYPINSLNQ
16	EME27346	279	80	16.767	229	288	60	0.279	112	16.343	212	271	60	23.943	169	280	112	472	14.998	10.474	QAATMSAPPAFPFFTPFGFPAFPGMPGNMAGRGNQLGSNIMAANTAFGANNATNSNNSNN	YQSQGRRNPSQKGAF	SNNSNNLPTARANQP	YQSQGRRNPSQKGAFEQSYYRGQGANGPFPGNAAHFTQKLPPSQAATMSAPPAFPFFTPFGFPAFPGMPGNMAGRGNQLGSNIMAANTAFGANNATNSNNSNNLPTARANQP
17	EME29025	658	80	16.312	598	657	60	0.272	146	16.312	598	657	60	28.524	588	733	146	819	17.621	14.055	NNFPSQASFDNNSNVLQMLQQNPSVLQSLLSAFGASMTGNSTLTGAMQARQSVNYGQQNN	NQAASQQPSVNNFPS	FQGPGAPFFAYAQQN	NQAASQQPSVNNFPSQASFDNNSNVLQMLQQNPSVLQSLLSAFGASMTGNSTLTGAMQARQSVNYGQQNNNGTDSAVHGLPSTSVTYPGTNLFSSGLSMVNSLPSSQSNIDPLLLQQLAQQSQRAVMNQQPFQGPGAPFFAYAQQN
18	EME30763	670	80	17.349	594	653	60	0.289	97	15.999	597	656	60	21.591	597	693	97	1138	17.677	9.782	NSMQSTQANNVNRENTNEPQPQQQMLQNILQSFAPQITNMMQQMFSSATSGVNAQGFIHI	NSMQSTQANNVNREN	IFVSQASAQTNSDTN	NSMQSTQANNVNRENTNEPQPQQQMLQNILQSFAPQITNMMQQMFSSATSGVNAQGFIHIDNLGTPINANTSNQPTSDRSPNIFVSQASAQTNSDTN
19	EME30762	670	80	17.349	594	653	60	0.289	97	15.999	597	656	60	21.591	597	693	97	1152	17.663	9.768	NSMQSTQANNVNRENTNEPQPQQQMLQNILQSFAPQITNMMQQMFSSATSGVNAQGFIHI	NSMQSTQANNVNREN	IFVSQASAQTNSDTN	NSMQSTQANNVNRENTNEPQPQQQMLQNILQSFAPQITNMMQQMFSSATSGVNAQGFIHIDNLGTPINANTSNQPTSDRSPNIFVSQASAQTNSDTN
20	EME28315	215	80	15.832	315	374	60	0.264	236	15.832	315	374	60	40.969	237	472	236	472	32.109	29.029	SYYSSSQQTSPSSSSYYYYYGAASSQAVASQTSAASKTTSYYSSSQQTSPSSSSYYYYYG	SSYYYSSSQQTSPSS	TSSKSTSTTSSGFYA	SSYYYSSSQQTSPSSSSYYYYGAASSQAVTSQTSAASKTTSYYSSSQQASPSSSSYYYYGAASSQAVASQTSAASKTTSYYSSSQQTSPSSSSYYYYYGAASSQAVASQTSAASKTTSYYSSSQQTSPSSSSYYYYYGAASPQAVASQTSAASKTTSYYSSSQQASPSSSSYYYYGAASSQAVASQTSAASKTTFYYSSTAGTQSTQVESGPSSNYYGAGQTSSKSTSTTSSGFYA
21	EME31661	367	80	15.36	278	337	60	0.256	148	15.36	278	337	60	17.618	278	425	148	425	12.604	7.415	NSSSTNSPSGTNPNQLFQSLLQNPQLMQAASSMFQSGDLQRMFSQTRSGANNNNNISETA	NSSSTNSPSGTNPNQ	FQSLFGNSNSSPSNR	NSSSTNSPSGTNPNQLFQSLLQNPQLMQAASSMFQSGDLQRMFSQTRSGANNNNNISETAENSENGNTNEQQTTTGNDDNIANIFENLQNSPLYEQLNSNPHLRAAMESIERDPNNLMSLLNNPEVMNAAMQSFQSLFGNSNSSPSNR
22	EME30614	106	80	15.036	32	91	60	0.251	107	15.036	32	91	60	17.539	30	136	107	440	7.64	4.198	SNPASSPALGVTQNMAFSATQNNPAPQGTTSQNLQPSSLFSSPIQSPWTGTQNQPSLQGN	NTSNPASSPALGVTQ	NASPTPTINTTQNTQ	NTSNPASSPALGVTQNMAFSATQNNPAPQGTTSQNLQPSSLFSSPIQSPWTGTQNQPSLQGNLKPPTFGSSGMTTTQSSLFSQPLGIFSSSTNASPTPTINTTQNTQ
23	EME29063	410	80	13.892	511	570	60	0.232	110	13.892	511	570	60	16.484	464	573	110	647	7.684	2.878	PNVTSPPMMGRNMAPSFTVPMNTYPMPNIPQTMNVPYYYGPGQQFYYATAYHGMLNPAHY	NNMRMSYQSVNYPYG	TAYHGMLNPAHYVPN	NNMRMSYQSVNYPYGSYSVSAPFEGSPTFVPYNMTVGYDAKSGFAIPPNVTSPPMMGRNMAPSFTVPMNTYPMPNIPQTMNVPYYYGPGQQFYYATAYHGMLNPAHYVPN
24	EME26756	519	80	13.651	449	508	60	0.228	104	13.651	449	508	60	18.914	449	552	104	644	9.876	5.426	PSQGNFGYPPPPPPSSSSFAGGGYYPPSFMSPMGGAGYNPSMAEQRQVYGNPFEEPQNNP	PSQGNFGYPPPPPPS	AHPSYYSPSSYPPPP	PSQGNFGYPPPPPPSSSSFAGGGYYPPSFMSPMGGAGYNPSMAEQRQVYGNPFEEPQNNPFSSPYGVEGGNPYDPHMPPPAAYYSTPSYAHPSYYSPSSYPPPP
25	EME31597	211	80	13.608	152	211	60	0.227	70	13.608	152	211	60	13.499	145	214	70	214	8.256	5.006	PPGVPPPGFPRGPPPPGFGTAPPGSFPPTQPPTSMSNANTSVQSPPQPFTGQQNSAGGTQ	GAAPMPPPPGVPPPG	FTGQQNSAGGTQDHS	GAAPMPPPPGVPPPGFPRGPPPPGFGTAPPGSFPPTQPPTSMSNANTSVQSPPQPFTGQQNSAGGTQDHS
26	EME28114	80	80	12.783	128	187	60	0.213	175	12.783	92	151	60	33.902	62	236	175	243	23.847	19.452	PSGPSSPSGPSSPGAPSGPTPPSGPSSPSGPSSPGAPSGPSSPSGPSSPSGPSSPGAPSG	SPSPPPSGPTPSGPS	SSPGAPSGPSSPSGP	SPSPPPSGPTPSGPSSPSGPSSPGAPSGLTPSGPSSPSGPSSPGAPSGPTPPSGPSSPSGPSSPGAPSGPSSPSGPSSPSGPSSPGAPSGPTPPSGPSSPSGPSSPGAPSGPSSPSGPSSPGAPSGPTPPSGPSSPSGPSSPGAPSGPTPPSGPSSPSGPSSPGAPSGPSSPSGP
27	EME30599	662	80	12.777	93	152	60	0.213	251	12.777	93	152	60	17.201	1	153	153	1907	22.131	11.862	QPAFGNAVTNVNPGQPAFSQHTPSFFGSGSNFGNSQAVFASSTPFPASSFNQPSFAGGAN	MSLGGNFGKPLFGSQ	ASSFNQPSFAGGANS	MSLGGNFGKPLFGSQTTSAASFGSATPTFGGPSPFATSQSAPSFGSSPNVFQGGSVFGGGGTPSSVTPQAGFGVPPSGAAPSSVPPSPFGQAQPAFGNAVTNVNPGQPAFSQHTPSFFGSGSNFGNSQAVFASSTPFPASSFNQPSFAGGANS
28	EME28950	257	80	14.121	199	258	60	0.235	99	12.545	40	99	60	14.181	1	99	99	690	13.133	7.857	QGYYPSAMVGGSYLANQYPPPSYPVHNNIPSATEHTTSPGFQQRNVAISAAPNPSQYAQQ	MFGQGPHLPNPLSGA	VAISAAPNPSQYAQQ	MFGQGPHLPNPLSGASATHALPSGQGVGIPASYPYVPSYQGYYPSAMVGGSYLANQYPPPSYPVHNNIPSATEHTTSPGFQQRNVAISAAPNPSQYAQQ
29	EME25863	80	80	12.373	463	522	60	0.206	935	12.373	463	522	60	72.395	1	935	935	940	54.738	46.565	XGPQPSNPXTSPXTSPIQPTXGPSPSNPXTSPXTXGPSPSKXGPQPSNPXTSPXTSPIQQ	QNYSNGHYTSSIPST	ISSGFSNNVPTQSQN	QNYSNGHYTSSIPSTTQIVSTYPKAPTPKSQNTPQPSVPNNAPNPSKXGPQPSTPVTFPVQPTXGPSPSKXGPQPSNPXTSPVASPIQPTKGPSPSKXGPSPSNPXTSPXTSPIQPTXGPSPSKXGPSPSKXGPSPSNPXTSPXTSPVQPTKGPSPSKXGPHPSNPXTSPXTSPIQPTXGPSPSKXGPQPSNPXTSPXTSPVQPTKGPSPSKXGPSPSNPXTSPXTSPVQPTKGPSPSKXGPESIESIQPTKGPSPSKXGPQPSNPXTSPXTSPIQQTKGPSPSQXGPQPSNPETSPXTSPIQQTKGPSPSKXGPQPSNPETSPXTSPIQQTXGPSPSKXGPQPSIPXTSPXTSPVQPTKGPSPSKXGPSPSNPXTSPXTSPVQPTKGPSPSQXGPESIKSSNFSCDVSRPQPSNPETSPXTSPIQQTKGPSPSKXGPQPSNPETSPXTSPIQQTKGPSPSKXGPQPSNPXTSPXTSPIQPTXGPSPSNPXTSPXTXGPSPSKXGPQPSNPXTSPXTSPIQQTKGPSPSKXGPHPSNPXTSPXTSPVQPTXGPSPSKXGPQPSTPXTSPXTSPIQPTXGPSPSKXGPHPSNPXTSPXTSPIQPTXGPSPSKXGPQPSNPXTSPXTSPDXSPSNPXTSPXTSPIQPTKGPSPSQXGPHPSNPXTSPXTSPIQPTKGPSPSKXGPQPSNPXTSPXTSPVQPTXGPXTSPXTSPVQPTKGPSPSKXGPSPSNPXTSPDDFSCASSPXTSPXRSRVQSTXGPSPSKXGPQPSNPXTSPXTSPVQPTKGPSPSKXGPSPSQXGPQPSTPXTSPXTSPIQPTXGPSPSQXGPQPSTPXTSPXTSPIQPTXGPSPSKXGPSPSKXGPQPSNPXTSPXTSPIQQTKGPSPSKXGPSPSTPXTSPXTSPVQPTKGPSPSKXGPQPSTEXISSGFSNNVPTQSQN
30	EME28171	507	80	11.565	454	513	60	0.193	79	10.899	460	519	60	12.425	460	538	79	996	4.32	-0.934	NDMNNAVPTSSYLGQPSQQLYAAQFAQFAAYNAAAAVAANTGNPPSRNAFYASPTMTGVS	NDMNNAVPTSSYLGQ	TPLYLNPGIGIPSNN	NDMNNAVPTSSYLGQPSQQLYAAQFAQFAAYNAAAAVAANTGNPPSRNAFYASPTMTGVSFPGATPLYLNPGIGIPSNN
31	EME31630	247	80	10.785	189	248	60	0.18	82	10.785	189	248	60	17.174	169	250	82	259	7.43	4.494	NPSGFPNEYPYQENYSYDPYRPNPSYVQPVPDYNDAVYVVQDPYGYDPNNSQYLPPQSNS	GYAQSYTQNAQYAAP	PNNSQYLPPQSNSGG	GYAQSYTQNAQYAAPLNRPVNPSGFPNEYPYQENYSYDPYRPNPSYVQPVPDYNDAVYVVQDPYGYDPNNSQYLPPQSNSGG
32	EME31629	247	80	10.785	189	248	60	0.18	82	10.785	189	248	60	17.174	169	250	82	259	7.43	4.494	NPSGFPNEYPYQENYSYDPYRPNPSYVQPVPDYNDAVYVVQDPYGYDPNNSQYLPPQSNS	GYAQSYTQNAQYAAP	PNNSQYLPPQSNSGG	GYAQSYTQNAQYAAPLNRPVNPSGFPNEYPYQENYSYDPYRPNPSYVQPVPDYNDAVYVVQDPYGYDPNNSQYLPPQSNSGG
33	EME28112	222	80	11.194	167	226	60	0.187	91	10.755	164	223	60	14.444	134	224	91	433	6.538	1.417	NEEQQMTNNNKPLTVQNYSNGHYTSSIPSTTQIVSTYPKAPTPKSQNTPQPSVPNNAPNP	PNKYGNSGTGKPNSY	NTPQPSVPNNAPNPS	PNKYGNSGTGKPNSYNEAPSFASTSTGQKANEEQQMTNNNKPLTVQNYSNGHYTSSIPSTTQIVSTYPKAPTPKSQNTPQPSVPNNAPNPS
34	EME29588	261	80	8.88	206	265	60	0.148	72	7.666	182	241	60	12.586	182	253	72	1548	3.163	-1.192	NSYPYSGGNASYGQPLTSPLSVPLAYGAPTGQETSMFAQGVPQGVGYTVYGTNQPNSFVS	NSYPYSGGNASYGQP	FVSQHSYVPYSSNSQ	NSYPYSGGNASYGQPLTSPLSVPLAYGAPTGQETSMFAQGVPQGVGYTVYGTNQPNSFVSQHSYVPYSSNSQ
35	EME26138	255	80	7.259	1055	1114	60	0.121	149	7.259	1055	1114	60	16.995	1038	1186	149	1275	6.728	2.012	NYSFSPNRSSFQFSPSSPGHXGMGISPLYSPSSPMXEHGSSPTSPAYSPTSPGXXSGQRY	NYSGNLQFSPYTGDG	SPTSPGYSPTSPAXS	NYSGNLQFSPYTGDGISNYSFSPNRSSFQFSPSSPGHXGMGISPLYSPSSPMXEHGSSPTSPAYSPTSPGXXSGQRYSPTSPAYSPTSPGIRYSPSSPAYSPTSPANGLSARYSPTSPAYSPTSPAYMPRSPAYSPTSPGYSPTSPAXS
36	EME32277	190	80	11.383	133	192	60	0.19	146	11.383	133	192	60	15.35	116	261	146	261	10.63	5.35	QNIYGSNYQSSQIDTNSQSTLFGSSQSQAESLTANTGEFGLSITAGNANAQQYVAGYNYP	SANNGKASSQASSKS	NGGISNSQAQSYYFQ	SANNGKASSQASSKSGSQNIYGSNYQSSQIDTNSQSTLFGSSQSQAESLTANTGEFGLSITAGNANAQQYVAGYNYPYFGTTGINSEVAAGSPGYGFIVGYGYSDSNANCPEDYNGNICSNSEVESISSAYNGGISNSQAQSYYFQ
