	SEQid	MW	MWstart	MWend	MWlen	LLR	LLRstart	LLRend	LLRlen	NLLR	VITmaxrun	COREscore	COREstart	COREend	CORElen	PRDscore	PRDstart	PRDend	PRDlen	PROTlen	HMMall	HMMvit	COREaa	STARTaa	ENDaa	PRDaa	Amyloid_Core	pWALTZ_Score	Prion_like_Domain
0	RHN76891.1	60	84	163	80	65.605	105	164	60	1.093	107	65.605	105	164	60	81.3	89	164	76	902	95.586	86.382	QQQQQQQQHQMQMQQMLLQRQHQQQQQQQQQQQQQQQQQQQQPQHQQQQQQQQQQQQQQG	QQQQQQQQPQPQQSP	QQQQQQQQQQQQQQG	QQQQQQQQPQPQQSPHQQQQQQQQHQMQMQQMLLQRQHQQQQQQQQQQQQQQQQQQQQPQHQQQQQQQQQQQQQQG	QQQLQQQHSLSNQQSQSANHN	61.9525	MLMKLKLAQLQHQQQQNANPQQQQLQQQHSLSNQQSQSANHNMHQQDNKVGGGGGSVTGDGSMSNSFRGNDQVSKSQPGRKRKQPVSSSGPANSSGTANTAGPSPSS
1	RHN70694.1	48	87	166	80	54.527	89	148	60	0.909	107	54.527	89	148	60	61.764	89	154	66	897	80.322	70.673	QQQQQQQQQQQPQPQQSQHAQQQQQQHMQMQQLLMQRHAQQQQQQQQHQQQPQSQPQQPQ	QQQQQQQQQQQPQPQ	PQSQPQQPQPQQQQN	QQQQQQQQQQQPQPQQSQHAQQQQQQHMQMQQLLMQRHAQQQQQQQQHQQQPQSQPQQPQPQQQQN	QQQNRDRTHLLNGSANGLAGN	60.5988	HSEVAASYIETQLIKAREQQQQQQQQQQQPQPQQSQHAQQQQQQHMQMQQLLMQRHAQQQQQQQQHQQQPQSQPQQPQPQQQQNRDRTHLLNGSANGLAGNPATANAIATKMY
2	RHN46905.1	41	25	104	80	52.923	31	90	60	0.882	90	52.923	31	90	60	59.374	1	90	90	523	51.094	50.187	NSNPNNANAGFQQRPHYQQQQQQQYVQRHMMQNQNQHQQHYQHHQQNQQQYQQQQQQQQQ	MNNNNRGRYPPGIGL	QNQQQYQQQQQQQQQ	MNNNNRGRYPPGIGLGRGSGSGSGGGGGGLNSNPNNANAGFQQRPHYQQQQQQQYVQRHMMQNQNQHQQHYQHHQQNQQQYQQQQQQQQQ	NQQQYQQQQQQQQQWLRRNQL	66.9374	MNNNNRGRYPPGIGLGRGSGSGSGGGGGGLNSNPNNANAGFQQRPHYQQQQQQQYVQRHMMQNQNQHQQHYQHHQQNQQQYQQQQQQQQQWLRRNQLGGGTDTNVVEEVEKTVQSETNDPSSQDWKARLKIPAADTRYRTEDVTATKGNEFEDYFLKRELLMGIY
3	RHN54093.1	38	1	80	80	44.816	4	63	60	0.747	63	44.816	4	63	60	44.357	1	63	63	489	36.775	35.722	NFSTPQQSQPQQTLFQPQQQQQQSPFQQQSSLFQPQQPQFQPQQQFQQQQFQAQQQQQQQ	MAFNFSTPQQSQPQQ	FQQQQFQAQQQQQQQ	MAFNFSTPQQSQPQQTLFQPQQQQQQSPFQQQSSLFQPQQPQFQPQQQFQQQQFQAQQQQQQQ	FQQQQFQAQQQQQQQLFLFTN	74.0245	MAFNFSTPQQSQPQQTLFQPQQQQQQSPFQQQSSLFQPQQPQFQPQQQFQQQQFQAQQQQQQQLFLFTNDKTPASYSTNWADLHPDSQKFLLQIEERVLEYRDESQRLDQCNRLYDSSVSNDGFEVDAS
4	RHN59909.1	35	217	296	80	40.62	225	284	60	0.677	431	40.62	225	284	60	164.385	200	630	431	1256	150.346	144.006	YQQQQQYQQYYQQYPGQDPYQQQYQQYYPYQQSAVPQYQQAYVQPQPLPQTQTQPQPQLQ	NQLPNSASQTQALGQ	VRPGNQNLLVGTNNQ	NQLPNSASQTQALGQTVVQPTAEQWYQQQQQYQQYYQQYPGQDPYQQQYQQYYPYQQSAVPQYQQAYVQPQPLPQTQTQPQPQLQAQPPAQPQVQGQSQPVSHVQTPVAPQSQNQMQVPQQPQQLQPAVQPHGQMSHPPGHGQAFPQPQSYPYPQVQPHSGQPQPQQHTQIPPYQQPHPQMQHSQPQNQQPVQKYPVPQPQQQLQPNNAPVQHPSQPQMQSHQPMNPNVQPQVQNAMSHAVTGNHSYPQPLPHQNMQMGAPQSNMHLNPQSGPQLPGQHSVQMQNQFPPQTPMMRPNQSHAMYPNQQPGFMPSAVQGQNTPPLQQQQGYTPNQPTGQTNQRPILQPGQQILPQQPFSQHQMPMPSHPRPQGPVHSFPKHAYPLSKGNTALSQNAVGRPPNHAGHVQPFAQSANTIPVRPGNQNLLVGTNNQ	TGVQHNNNDQSVIQGNAIQDG	60.1528	GTGVQHNNNDQSVIQGNAIQDGPPVKAETKLSESETNKLHSDDRPPSGAVNPAPAVSQTNGGHR
5	RHN53834.1	38	306	385	80	40.482	485	544	60	0.675	306	40.482	485	544	60	105.355	239	544	306	544	96.082	91.999	MMSIQQQQQQQQQQQQQHSSQGAFGGMASNAQNLQSGMMTLQNAQQNHPNFTQQRQQNQQ	GSSNNVYMKNTPLSS	QNHPNFTQQRQQNQQ	GSSNNVYMKNTPLSSNSMGGQNSLLQTSGSQLLGRSAASPSAATSATSFDNTTASPIPYANSPRSTTNMMNTPSPQQQTPQPQPQQLTAQQQQQQRQKLMQQLPQQQQQQLLAQQQYRQSAMQQGLGQLHGQHQMQFSPQLGHQQFQGRQLSSAHMQHSIGQSQLNQGNQMTRLNQFSGPANSALFSAAQTTPNTQMIPNISAGITSQSLLPRMQFGLSGNNPQRSHPSHMLSDQMFNMGGGNPGGMMSIQQQQQQQQQQQQQHSSQGAFGGMASNAQNLQSGMMTLQNAQQNHPNFTQQRQQNQQ	QQQQQQLLAQQQYRQSAMQQG	62.6851	PYANSPRSTTNMMNTPSPQQQTPQPQPQQLTAQQQQQQRQKLMQQLPQQQQQQLLAQQQYRQSAMQQGLGQLHGQHQMQFSPQLGHQQFQGRQLSSAHMQHSIGQSQLNQGNQMT
6	RHN76969.1	38	513	592	80	39.974	516	575	60	0.666	86	39.974	516	575	60	46.726	515	600	86	600	45.249	39.884	SQQQLQQQQMQQQHQQMQSQQQQQLSHMQQQQQLSQHQQLPQQQQMVGAGRGQNYVQDPG	SSQQQLQQQQMQQQH	SSQGATNSGRGNFMS	SSQQQLQQQQMQQQHQQMQSQQQQQLSHMQQQQQLSQHQQLPQQQQMVGAGRGQNYVQDPGRSQTVSQGQVSSQGATNSGRGNFMS	QMQSQQQQQLSHMQQQQQLSQ	65.7588	TKPPLSSQQQLQQQQMQQQHQQMQSQQQQQLSHMQQQQQLSQHQQLPQQQQMVGAGRGQNYVQDPGRSQTVSQGQVSSQGATNSGRGNFMS
7	RHN70293.1	38	167	246	80	39.061	212	271	60	0.651	112	38.868	208	267	60	45.654	157	268	112	431	36.108	32.225	NGIRSTNQQQQMQNSQSQAQQQHQNQQLQQLQQQQQQQQIFPKQPGLNYATQMPLSNNQG	GNVGNNGNLGLAFQA	LNYATQMPLSNNQGM	GNVGNNGNLGLAFQAQQMNKVAGFMGNGNRINGNDDPLVGLQSPTNLPLNVNGIRSTNQQQQMQNSQSQAQQQHQNQQLQQLQQQQQQQQIFPKQPGLNYATQMPLSNNQGM	QNSQSQAQQQHQNQQLQQLQQ	61.0129	PLVGLQSPTNLPLNVNGIRSTNQQQQMQNSQSQAQQQHQNQQLQQLQQQQQQQQIFPKQPGLNYATQMPLSNN
8	RHN61167.1	34	844	923	80	36.53	850	909	60	0.609	227	36.53	850	909	60	54.19	747	973	227	973	47.89	41.922	NSQAFQQPNNNHHPFQQPNNNPQHFQQSNNNPQPFQQPNNSIALSSQVNSANPQHQPVMQ	QSIHPSQQFRNMYNS	QQQQTQGAHGPGVQQ	QSIHPSQQFRNMYNSHNAHHQPYPPASAPGHTAQAFSGSSHIQDNAVNQQQQGVVSSRLVSNFVTPTQSGQVAASPHFSHQYQAEVPPNTQKGFPGSDVSVLYNSQAFQQPNNNHHPFQQPNNNPQHFQQSNNNPQPFQQPNNSIALSSQVNSANPQHQPVMQYTADQVNSNPPIQQHPAFGVGQGPPELEADKNQRYQSTLQFAANLLLQIQQQQTQGAHGPGVQQ	NDGNQSQIWKQDHQIADQSIH	70.7118	PPVAPNDGNQSQIWKQDHQIADQSIHPSQQFRNMYNSHNAHHQPYPPASAPGHTAQAFSG
9	RHN49150.1	33	235	314	80	34.208	260	319	60	0.57	192	34.208	260	319	60	53.344	194	385	192	638	42.788	38.173	NNYRPGNYNPNVSQSGSTANFERANSDPLWSNNGNQQGNHQNQQGNHQNQQGNHQNPYSQ	SNAAQTQQQGGPYSE	GNLNISGYPNNGHNP	SNAAQTQQQGGPYSEIHAGNSNVQNGGRGFDSRYQGRPTWRNPSQPNGPKAMNPPPVGLQDNRNNVNNYRPGNYNPNVSQSGSTANFERANSDPLWSNNGNQQGNHQNQQGNHQNQQGNHQNPYSQPLRPNGFPLQPPFAPSNSYSPNSHTFATTPVPPRTVGNNFSTGSPRTVPDIGNLNISGYPNNGHNP	HAGNSNVQNGGRGFDSRYQGR	66.0933	LQVPVSNAAQTQQQGGPYSEIHAGNSNVQNGGRGFDSRYQGRPTWRNPSQPNGPKAMNPPPVGLQDNRNNVNNYRPGNYNPNVSQSGSTANFERANSDPLWSNNGNQQGNHQNQQGNHQNQQGNHQNPYSQPLRPNGFPLQPPFAPSNSYSPNSHT
10	RHN48514.1	29	253	332	80	33.539	253	312	60	0.559	98	33.539	253	312	60	40.472	252	349	98	349	34.007	31.305	GQNSGGSSSSNYAMQVQPGYSNQQVHNYNYVNQEGYNYNYANQHQQGYDYNYVNHQGQGG	PGQNSGGSSSSNYAM	PQMFSDENPNACSMM	PGQNSGGSSSSNYAMQVQPGYSNQQVHNYNYVNQEGYNYNYANQHQQGYDYNYVNHQGQGGHMVEPQYQYQQPQFYLHPNQPPPQMFSDENPNACSMM	GYSNQQVHNYNYVNQEGYNYN	78.006	IVPYLAEKLKRNVDVVQPKKEDGKNKEKDQSGGEKKEGEKAKEVGTKVEVNKMEHHGYGYGHQTPMYWYDGYEPGQNSGGSSSSNYAMQVQPGYSNQQVHNYNYVNQEGYNYNYANQHQQGYDYNYVNHQGQGGHMVEPQYQYQQPQFYLHPNQPPPQMFSDENPNACSMM
11	RHN58128.1	31	50	129	80	33.02	93	152	60	0.55	155	33.02	93	152	60	69.319	50	204	155	225	57.51	55.272	NNGNRNGNGNASGGGNNGNASGGKKNGNDNVNGGENNGNGNGNASGGGNNGNGNMAQMVP	NGNGNGNGGKKNGNG	MYPSMNYMQPPPIQS	NGNGNGNGGKKNGNGNANANSGENNGNANGGKKNGNGNAKGGENNGNRNGNGNASGGGNNGNASGGKKNGNDNVNGGENNGNGNGNASGGGNNGNGNMAQMVPIGCGGYYHQGMPMQMQPYSYEQLHHMMMMNQQQQHMNMYPSMNYMQPPPIQS	NGNASGGGNNGNASGGKKNGN	63.8955	IKELKKSGKHAEICNGNGNGNGGKKNGNGNANANSGENNGNANGGKKNGNGNAKGGENNGNRNGNGNASGGGNNGNASGGKKNGNDNVNGGENNGNGNGNASGGGNNGNGNMAQMVPIGC
12	RHN77159.1	23	352	431	80	31.061	365	424	60	0.518	345	31.061	365	424	60	121.056	283	627	345	627	108.442	106.869	YYNQQPQQPQNPGGPAPPADGTAYNYSQPPSAGYNQPGQGYSQDGYGAYQQPPQSGYAQP	NPSMSGGYSQQGYQA	AQGAQQASVAKSPQS	NPSMSGGYSQQGYQARPPSSWAPPAASQQPGYGYAQPGAYPGPTPQYNVPQQAYAGYPPHSAGGYSTNWDQSTATTQQSTYDYYNQQPQQPQNPGGPAPPADGTAYNYSQPPSAGYNQPGQGYSQDGYGAYQQPPQSGYAQPTSYDQQQGYGSAQEGQTTTNYGSQGQGDATQVPPVQPSQQGYGSSQQPSPNAAKYPPQGAAQPSYGVPPTSQTAYGSQPQTQSGYGPPQTQKPSGTPPAYGQSQSPNAAGGYGQPGYPPSQPPPSGYSQPGYPPSQPPPSGYSQPGYGQAPQSYNSGSYGAGYPQAPAYSADGNASGNARGGSYDGAPAQGAQQASVAKSPQS	YSTNWDQSTATTQQSTYDYYN	68.7211	SAKQLVDSILSGENRLRNPSMSGGYSQQGYQARPPSSWAPPAASQQPGYGYAQPGAYPGPTPQYNVPQQAYAGYPPHSAGGYSTNWDQSTATTQQSTYDYYNQQPQQPQNPGGPAPPADGTAYNYSQPPSAGYNQPGQGYSQDGYGAYQQPPQSGYAQPTSYDQQQGYGSAQEGQTTTNYGSQGQGDATQVPPVQPSQQGYGSSQQPSPNAAKYPPQGAAQPSYGVPPTSQTAYGSQPQTQSGYGPPQTQKPSGTPPAYGQSQSPNAAGGYGQPGYPPSQPPPSGYSQPGYPPSQPPPSGYSQPGYGQAPQSYNSGSYGAGYPQAPAYSADGNASGNARGGSY
13	RHN56691.1	30	158	237	80	28.42	496	555	60	0.474	117	28.42	496	555	60	32.919	491	558	68	582	56.768	47.626	NNPSNPNNAAARPLQIQRPQQAPQGQSPFNLQMLQGQGNYGFSRFENQMVPYMNQQQQQQ	NRPMPNNPSNPNNAA	MVPYMNQQQQQQQQM	NRPMPNNPSNPNNAAARPLQIQRPQQAPQGQSPFNLQMLQGQGNYGFSRFENQMVPYMNQQQQQQQQM	TTFQSSTVGGVQQQQQQWSYI	75.9515	QMRKENFSFQTQQQGPVVSASTTTFQSSTVGGVQQQQQQWSYIENTNQNAFSSEKNMIQTTENNNSSMQSFSPEIASVQTNNTNNGFQSDYSNYQQPQQQPTQTLSRRSDDGYNWRKYGQKQVKGSENPRSYYKCTYPNCPTKKKVERSIEGQVTEIVYKGTHNHPKPQC
14	RHN42731.1	38	960	1039	80	27.591	980	1039	60	0.46	251	27.591	980	1039	60	67.251	893	1143	251	1187	54.555	50.398	QQQQLQLQQHYIQLNQQPFQPELSQQHIQAEPFQPQQLQQMQLQQQDLQQHQYFQQQQPQ	SQSALQVQQCNQRQD	HLQQVQLATQSSSNP	SQSALQVQQCNQRQDQFQATATTAGFVTPQSWPIQNVQIQNSLPQSQLPVSTTSNVLQHGHAMQGSEQYGYMQKGQDYNQMWQHYYYQQQQLQLQQHYIQLNQQPFQPELSQQHIQAEPFQPQQLQQMQLQQQDLQQHQYFQQQQPQQPEHPVYLQQSNINPVEDQAQAIVMSQQQQLQLQQHYIQLKQQSFQPELSQQFQQHSQPESLQPQQLQQLQLQQQVLQQQQPQQQEHSAHLQQVQLATQSSSNP	QAQAIVMSQQQQLQLQQHYIQ	80.0127	TTSNVLQHGHAMQGSEQYGYMQKGQDYNQMWQHYYYQQQQLQLQQHYIQLNQQPFQPELSQQHIQAEPFQPQQLQQMQLQQQDLQQHQYFQQQQPQQPEHPVYLQQSNINPVEDQAQAIVMSQQQQLQLQQHYIQLKQQSFQPELSQQFQQHSQPESLQPQQLQQLQLQQQVLQQQQPQQQEHSAHLQQVQLATQSSSNPVEDQAQA
15	RHN39878.1	35	39	118	80	27.163	39	98	60	0.453	254	27.163	39	98	60	47.887	1	254	254	2208	42.804	33.865	QQQHQQQQQQHQQQQQQQQIGSRQSFQQQLLRKPEGNEAFLAYQAGRQGVFGSNNFQQPN	MQSGGGGPGRTAGRA	MNTQIAVAHQLQMMQ	MQSGGGGPGRTAGRASTPSAAASPSSSSSASQLGFESLQQQHQQQQQQHQQQQQQQQIGSRQSFQQQLLRKPEGNEAFLAYQAGRQGVFGSNNFQQPNAMQLPQQSGKFVNLAQHGSNQDGQLRGQGSEQQQMINPVQQAYLQYAFQAAQQKQPALGIHSQQQAKMGMLNPASVKDQEMRMGNLKMQEAMSMQAVNQAQGSSSRNSSEHNARGEKQMEQGQQIRPIQAPEAQQGSVQNVMNTQIAVAHQLQMMQ	NEAFLAYQAGRQGVFGSNNFQ	74.0882	PSAAASPSSSSSASQLGFESLQQQHQQQQQQHQQQQQQQQIGSRQSFQQQLLRKPEGNEAFLAYQAGRQGVFGSNNFQQPNAMQLPQQSGKFVNLAQHGSNQDGQLRGQGSEQQQM
16	RHN56793.1	34	447	526	80	26.306	436	495	60	0.438	99	26.306	436	495	60	33.868	432	530	99	841	23.172	20.279	NQQYQAMLAAAGLQNQGNVDLLRQQMMNFQQPFNYQQSGNLSPMQLQQQQAIQQSVSTNN	GNDHNQQYQAMLAAA	SHNNRENQTQQHSYQ	GNDHNQQYQAMLAAAGLQNQGNVDLLRQQMMNFQQPFNYQQSGNLSPMQLQQQQAIQQSVSTNNIMQPQGQGLAENLSQHILQKSHNNRENQTQQHSYQ	SHNNRENQTQQHSYQDSVLIQ	65.6473	NYQQSGNLSPMQLQQQQAIQQSVSTNNIMQPQGQGLAENLSQHILQKSHNNRENQTQQHSYQDSVLIQGDPLHQKQHSSLPS
17	RHN67717.1	29	28	107	80	24.445	39	98	60	0.407	258	24.445	39	98	60	53.222	25	282	258	550	41.921	36.913	YMNNNNNGPTNLSQPNHHSNLSNPNPTNLSINRNNNGPHQIYHGLGILQRGQQSSNFNGH	PNFFNMSNPTLNDIY	FEAGSSSRTNENQQQ	PNFFNMSNPTLNDIYMNNNNNGPTNLSQPNHHSNLSNPNPTNLSINRNNNGPHQIYHGLGILQRGQQSSNFNGHFSNPLSQQNCHGLGILLQGYGSNEQFHTTLSQQNHQNVVEHGHGSNIGNVPFNSNAMPQNDHGIQHGRSGNYDPFNYNLVSQENDHGILQHGGGRNYDPFNYNLISPENDYGIQQGQDGNNDLFSHAMSQQNHPGIQHGHGTTNETFSLPMVQNQLGQPNNNVSFGMNNFEAGSSSRTNENQQQ	TTLSQQNHQNVVEHGHGSNIG	70.7278	HGLGILLQGYGSNEQFHTTLSQQNHQNVVEHGHGSNIGNVPFNSNAMPQNDHGIQHGRSGNYDPFNYNLVSQENDHGILQHGGGRNYDPFNYNLISPENDYGIQQGQDGNNDLFSHAMSQQNHPGIQHGHGTTNETFSLPMVQNQLGQPNNNVSFGMNNFEAGSSSRTNENQQQTEALALDQWPPEQQQNSSSGSQVLR
18	RHN45903.1	32	1488	1567	80	24.286	1523	1582	60	0.405	314	24.286	1523	1582	60	70.522	1334	1647	314	1993	63.005	52.686	QQQQQQRYLQQQQLSATNALIPHVQAQAQPPISSPQQNSSQAQPQNSSQQVSVSPATPSS	QQRLQQYNQLISSRN	RQHPNQPQHAQAQQQ	QQRLQQYNQLISSRNMQQSSMSVPGSDRGARMLPGANGMGMMGGINRSIAMARPGFHGMTSSSMLSSGGMLSSSMVGMPGVGAGQGNSMMRPRDTVHMMRPGHNQGHQRQMMVPELPMQVTQGNSQGIPAFSGMSSAFNSQTTPPSVQQYPVHAQQQSHLSNPHPHLQGPNHPNNQQQAYIRLAKERQLQQQQQQRYLQQQQLSATNALIPHVQAQAQPPISSPQQNSSQAQPQNSSQQVSVSPATPSSPLTPMSSQHQQQKHHLPQPGFSRNPGSSVTSQAVKQRQRQAQQRQYQQSARQHPNQPQHAQAQQQ	QQQQQQRYLQQQQLSATNALI	63.5292	SVQQYPVHAQQQSHLSNPHPHLQGPNHPNNQQQAYIRLAKERQLQQQQQQRYLQQQQLSATNALIPHVQAQAQPPIS
19	RHN69542.1	35	230	309	80	23.178	664	723	60	0.386	295	23.178	664	723	60	49.842	597	891	295	891	87.181	77.318	QNSVNSRQNSMNNASSPYGGNSVQIPSPGSSSTVPQAQPNSSPFQSPPTPSSSNNPPQTP	NQAQQHEDQLKQQQQ	SGLGAVNGFSNFQFD	NQAQQHEDQLKQQQQQQMMVHNSNGDQNPVQAASMQIASSNGMVSVNSSVNSASASTTTSTIVGLLHQNSVNSRQNSMNNASSPYGGNSVQIPSPGSSSTVPQAQPNSSPFQSPPTPSSSNNPPQTPRSILTPPNQMNTTNSPANISLQQNQYQPSLSGDADPSDAQNSVQKIIHEMMMSSQMNGTGGMAGAGSIGNDLKNVNGILPMSANTGLNNGNGTVNSNSGVGNYGTVGFVPSTMPNGIRAAMVNHSVMNGRGGMASIARDQAMNHQQDLSNQLLSGLGAVNGFSNFQFD	QFLHMSRQSSQATAAQINLLN	72.0815	RNLPPVKLEQQQIQTMRSLAPVKMEPQHCDQPLFLQQQQQHQQQQQFLHMSRQSSQATAAQINLLNHHRLLQLQQHQQQQQQLLKAMPQQRSQLPQQFQQQNMPMRSPVKPAYEPGMCARRLTHYMYQQQHRPEDNNIEFWRKFVAEYYAPNAKKKW
20	RHN42742.1	26	784	863	80	22.655	766	825	60	0.378	246	22.655	766	825	60	41.469	620	865	246	865	34.652	28.944	QQNENNPMWVQGPGSRTMSVPPSTYYSFQGQNQQQPGAFRQSQQPSQQHFAPHGYPNNFY	NNISTPQAQPNQQSL	QPPKQSQQQLWQNSY	NNISTPQAQPNQQSLPGAGVATGPSLPQHLAVHPYSQLGPFANMISYPFMPQSYTYMPSAFQQAFAGNSTYHQSLAAVLPQYKNSISVSSLPQSAAIPSGYGFGSSTSIPGGNYPLNPSAAPTSTTIGYDDVINSQYKDNNHMISLQQNENNPMWVQGPGSRTMSVPPSTYYSFQGQNQQQPGAFRQSQQPSQQHFAPHGYPNNFYHSQSGISLEHQQQNPRDASLAGSQSQPPKQSQQQLWQNSY	SNFGEANRQLQNHGNEFVAED	68.3866	PNVQQSDEWPSVEHPPIVAVDAHPNSEYYTNTSNFGEANRQLQNHGNEFVAEDSPVEDENP
21	RHN79428.1	30	2047	2126	80	21.96	2077	2136	60	0.366	194	21.96	2077	2136	60	35.214	1944	2137	194	2187	23.601	18.454	QQLEQGMTMQGNVQVHELQMLQQSQVSSMQTYYQTQQQQFSHEQQQQQVQHAQHMGNAQS	PPPYASSPYNLPSST	QQVQHAQHMGNAQSQ	PPPYASSPYNLPSSTNTSVSQPAPYNQAGIGNTELSQASIAHSGARLSAYPLNPLIMPPGYNRPTSVPMTVFSNPSNQQQNENQPSFLHSISVPQASFPSMHTVTQLQPLQPPQQLPRPPQPPQVPRPPVQAIQQLEQGMTMQGNVQVHELQMLQQSQVSSMQTYYQTQQQQFSHEQQQQQVQHAQHMGNAQSQ	LQQSQVSSMQTYYQTQQQQFS	73.26	MQGNVQVHELQMLQQSQVSSMQTYYQTQQQQFSHEQQQQQVQHAQHMGNAQSQEHADAGMSLNEYFKSPEAIQSLLSD
22	RHN82317.1	20	3	82	80	21.813	29	88	60	0.364	136	21.813	29	88	60	42.013	27	162	136	162	33.611	32.305	GGYNNNYPSVGNQNQRSNTQTDPRPQNPYYQPSEQPPVSSYAHPPPSYGHSHHQPPPPYQ	NTGGYNNNYPSVGNQ	SPYPPPHQGGYYKQQ	NTGGYNNNYPSVGNQNQRSNTQTDPRPQNPYYQPSEQPPVSSYAHPPPSYGHSHHQPPPPYQIPPTSTAPYPPPQVHQQQPPANHDYGQPAYPGWRAPYYNNAPTHPQQQQPGPRPPYTIPSPYPPPHQGGYYKQQ	EDVQRQVAGLSFQDKNTGGYN	62.7647	TRNIQCREMIEDVQRQVAGLSFQDKNTGGYNNNYPSVGNQNQRSNTQTDPRPQNPYYQPSEQPPVSSYAHPPPSYGHSHHQPPPPYQIPPTSTAPYPPPQVHQQQPPANHDYGQPAYPGWRAPYYNNAPTHPQQQQPGPRPPYTIPSPYPPPHQGGYYKQQ
23	RHN50806.1	15	18	97	80	18.892	263	322	60	0.315	278	18.892	263	322	60	36.343	53	330	278	655	29.023	19.503	SSQRNSSLSQPLPQYSNLHGYSSGLGPYSGYPNGMYPSNTMYSQYGNTYRGRSNYGSTYG	NPNASYVPNGHPSIS	NYGSTYGSRTGSYDN	NPNASYVPNGHPSISYYYGGYDGQGDWNDWNVYQNYVNANGGMAQGVYGDSGSYMYPQGYGYAPYGSYPSPSTSPSLPHDDKLYGLQQYQYPSYYQPSASANGTYGATANKTNVHGGKTSTPVTAEHVPSSVMNKGSTTTMTNGYSSNNNVSNDSYQRAGYAAYAPVSGYAGTYGTQPSYPSDPLLFSDRQSKNGSKTGYSTPAVPRKDFSSQRNSSLSQPLPQYSNLHGYSSGLGPYSGYPNGMYPSNTMYSQYGNTYRGRSNYGSTYGSRTGSYDN	YYGGYDGQGDWNDWNVYQNYV	69.5811	TFNPNASYVPNGHPSISYYYGGYDGQGDWNDWNVYQNYVNANGGMAQGVYGDSGSYMYPQGY
24	RHN81441.1	27	304	383	80	18.281	326	385	60	0.305	185	18.281	326	385	60	27.722	231	415	185	539	18.606	12.784	QGNTNTNNSNSSNLFNLMVHDQFNNMSSTQGTTLYINNNSSLSDHQVGFVNSMQHGQNMS	GQISHQLQNHQNQIT	IGSTNSTNNNKGSNN	GQISHQLQNHQNQITSSTSNNNNLLRLGSAPPKFEQNLISSPPLNHSSSFGHSIPSSSPFFNMSDISNQSFEEQQSQQGQFLNKQLHGLMHLPDLQGNTNTNNSNSSNLFNLMVHDQFNNMSSTQGTTLYINNNSSLSDHQVGFVNSMQHGQNMSSPHMSATALLQKASQIGSTNSTNNNKGSNN	SSSIENDHDNNDLHGLINSIA	69.7404	SPHMSATALLQKASQIGSTNSTNNNKGSNNDHKSGDRDFVVSDHNNINATFGNRSSSIENDHDNNDLHGLINSIANGNTS
25	RHN49300.1	27	168	247	80	17.913	210	269	60	0.299	167	17.913	210	269	60	40.544	110	276	167	296	29.324	26.194	YNNNQEHSYLNIFDGFPNHDQYMKMQQQQLGNQDHQQQDAYNNMYPPTMTYGEPSSSMNS	NYYPMNNQEDLYYGQ	EPSSSMNSTMQHDSN	NYYPMNNQEDLYYGQGMQMQPPPPFEQWPTMNHYGQGMQMQPPPPFEQWPTMNHYGQGMQMQPPPPFEQWPTMNHYGQGMQMQPPYWPAMNPEHQQQEEAYNNNQEHSYLNIFDGFPNHDQYMKMQQQQLGNQDHQQQDAYNNMYPPTMTYGEPSSSMNSTMQHDSN	HQQQEEAYNNNQEHSYLNIFD	78.229	MYNILAHDGESSRSNLPGNRRSRRRGGFGFLRGLFGKKKSNRSNNEDDTDIHNYPSTDNGGNNENENSDSETLELHSNTNTSDDHGISHDHGNDNTGHGSGMGETIPTDNYYPMNNQEDLYYGQGMQMQPPPPFEQWPTMNHYGQGMQMQPPPPFEQWPTMNHYGQGMQMQPPPPFEQWPTMNHYGQGMQMQPPYWPAMNPEHQQQEEAYNNNQEHSYLNIFDGFPNHDQYMKMQQQQLGNQDHQQQDAYNNMYPPTMTYGEPSSSMNSTMQHDSNLVDPKPVYNDGYVYNWWSTN
26	RHN57159.1	31	195	274	80	18.002	232	291	60	0.3	175	17.772	228	287	60	34.804	113	287	175	333	30.252	23.697	VKSITSYGQNIHSSHHHDQEQHAQNVLNQQHAQHVLNQQQQQMNIQNCVGSSNFGSQNNN	YGSRAQLNLQPSASS	QNCVGSSNFGSQNNN	YGSRAQLNLQPSASSSSSQNSSSSSRNSSSSNSNTTLRPLLPRPSGFSVYNNFVPFGVYNNFHHHHQPVFYNNNNGLVHFHHNPHQEMVQVQVQQHQQYHHQQLNQDFEHASGDSVKSITSYGQNIHSSHHHDQEQHAQNVLNQQHAQHVLNQQQQQMNIQNCVGSSNFGSQNNN	NSSSSNTTNNNKSNRKCKGKG	67.9407	MDSPLHHVQETKPTANTVVTTTPSETSNNSTDNNSNNSSSSNTTNNNKSNRKCKGKGGPDNNKFRYRGVRQRSWGKWVAEIREPRKRTRKWL
27	RHN45980.1	26	289	368	80	17.334	342	401	60	0.289	158	17.334	342	401	60	31.241	276	433	158	784	23.865	16.576	QMQSGSPKMKMAQSQQSLSQQQEQLQQHQLQQSNRKRKQASSSGPANSTGTGNTAGPSPN	PNLSTQNQYLLASQQ	MQHVNNVQKSMMMYG	PNLSTQNQYLLASQQQQVLAQAQAQQNSLGNSNYGDMDPRRLSGLPRGSLNAKDGQSNRNDGSISSQMQSGSPKMKMAQSQQSLSQQQEQLQQHQLQQSNRKRKQASSSGPANSTGTGNTAGPSPNSPSSTHTPGDALNTASSMQHVNNVQKSMMMYG	QQQVLAQAQAQQNSLGNSNYG	71.4763	SQQQQVLAQAQAQQNSLGNSNYGDMDPRRLSGLPRGSLNAKDGQSNRNDGSISSQMQSGSPKMKMAQSQQSLSQQQEQLQQHQLQQSNRKRKQASSSGPANSTGTGNTAGPSPNSPSS
28	RHN60382.1	25	146	225	80	16.586	152	211	60	0.276	111	16.586	152	211	60	21.51	147	257	111	321	12.544	8.212	NYDNSRGNQFQPFPHQPQVVNNLDVQYQPIIPYQEHHYPMNGSNQLVNSFHASQTNDNNQ	QDSMMNYDNSRGNQF	NQLVNGFLSSQTNGP	QDSMMNYDNSRGNQFQPFPHQPQVVNNLDVQYQPIIPYQEHHYPMNGSNQLVNSFHASQTNDNNQVVNGFPSTHENVPNPSMSLIATNSNFLVNNSNQLVNGFLSSQTNGP	NGSNQLVNSFHASQTNDNNQV	68.0363	NSENNLVESPISAFMREFQDSMMNYDNSRGNQFQPFPHQPQVVNNLDVQYQPIIPYQEHHYPMNGSNQLVNSFHASQTNDNNQV
29	RHN72182.1	21	169	248	80	16.561	191	250	60	0.276	69	16.561	192	251	60	14.618	192	260	69	260	9.972	6.097	NHSHHSNINMSMLPGGTNYEPMQSQNQQQQYESRGYFQVSGLQSSSSQMTALQPSSQYAR	NHSHHSNINMSMLPG	SSQYARQDHMSLQLV	NHSHHSNINMSMLPGGTNYEPMQSQNQQQQYESRGYFQVSGLQSSSSQMTALQPSSQYARQDHMSLQLV	ANAQFYQQEADKLRVQISNLQ	70.0907	GSATEANAQFYQQEADKLRVQISNLQNNNRQMMGESLGSMNAKELKNLESKLEKGISRIRSKKNELLFAEIEYMQKREIDLHNNNQLLRAKIAESERNHSHHSNINMSMLPGGTNYEPMQSQNQQQQYESRGYFQVSGLQSSSSQMTALQ
30	RHN77591.1	24	61	140	80	15.507	81	140	60	0.258	84	15.507	81	140	60	17.829	59	142	84	142	11.179	9.139	NHAFAADNANGADNNGAGADDNANGLAHDNNANGADNNGAGADDNANGFAHDNNGAGNQN	NANGADNNGAGADDN	GFAHDNNGAGNQNGV	NANGADNNGAGADDNANGLAHDNHAFAADNANGADNNGAGADDNANGLAHDNNANGADNNGAGADDNANGFAHDNNGAGNQNGV	ADDNANGFAHDNNGAGNQNGV	64.8192	AFAADNANGADNNGAGADDNANGLAHDNHAFAADNANGADNNGAGADDNANGLAHDNNANGADNNGAGADDNANGFAHDNNGAGNQNGV
31	RHN55461.1	23	49	128	80	15.427	49	108	60	0.257	60	15.427	49	108	60	15.427	49	108	60	602	6.386	2.826	YQANDSSDYHQNCPRFHQQNASGYFPNNHASSERIYYGSGQTAHGGHVNNNITQNVVQNN	YQANDSSDYHQNCPR	GHVNNNITQNVVQNN	YQANDSSDYHQNCPRFHQQNASGYFPNNHASSERIYYGSGQTAHGGHVNNNITQNVVQNN	NITQNVVQNNLAEHNGSVNED	63.6407	SNTSRNISTAAERWDYQANDSSDYHQNCPRFHQQNASGYFPNNHASSERIYYGSGQTAHGGHVNNNITQNVVQNNLAEHNGSVNEDFGQRNFKMQHKVGVGVDNSRGFGMHPYGSFERHNWRLESGETMKYPNSHSLLRPIDYQGHHGNLTQNLGRWQQARNSDNQNSASDTDKLKKLDEVCKE
32	RHN61006.1	17	395	474	80	15.093	415	474	60	0.252	69	15.093	415	474	60	16.55	408	474	67	1025	12.17	4.643	NNSYFKGSPTSHFSGGGNMQAQYQSIDGMNSSFTNYGLSGYGGNPAALTSLMTNQYGTSN	QNSTAPLNNSYFKGS	AALTSLMTNQYGTSN	QNSTAPLNNSYFKGSPTSHFSGGGNMQAQYQSIDGMNSSFTNYGLSGYGGNPAALTSLMTNQYGTSN	SRSELNNLSLHRQAELQNSTA	64.5803	DNHQRYLFGMQGGQDHGKQHPYLKKSESGHLQSSGKSRSELNNLSLHRQAELQNSTAPLNNSY
33	RHN48605.1	26	188	267	80	21.901	232	291	60	0.365	73	13.764	12	71	60	12.325	1	73	73	455	27.969	21.794	PNINNGFLGVENPSKQQQNHQNPHTLHHHQMVSYDQPHQSIKQGYPYPSKTNNNKPQQIN	MESNGLGGGIFPNIN	PSKTNNNKPQQININ	MESNGLGGGIFPNINNGFLGVENPSKQQQNHQNPHTLHHHQMVSYDQPHQSIKQGYPYPSKTNNNKPQQININ	RMVLLLRQKELELQNTQQLQQ	69.4696	VQLGEEQVNYHVEAFEIEKQRLKWVKFSSNKEREMERQKLENERKSLEIDRMVLLLRQKELELQNTQQLQQQQHSST
34	RHN50740.1	22	210	289	80	13.215	230	289	60	0.22	121	13.215	230	289	60	21.588	169	289	121	366	12.223	8.052	GSNRRNNSFLFNNFNLRPSGNTNRFHSLNDGSIPSATPPPFYPINNNNLNMFLSSGNANQ	NSPQQHMSSPNTTLL	NNNLNMFLSSGNANQ	NSPQQHMSSPNTTLLSSNHANLARNSSSNVVGSQGYANWSRNASRPIFQNQRNFRYLPYREGSNRRNNSFLFNNFNLRPSGNTNRFHSLNDGSIPSATPPPFYPINNNNLNMFLSSGNANQ	ANLARNSSSNVVGSQGYANWS	67.3833	HANLARNSSSNVVGSQGYANWSRNASRPIFQNQRNFRYLPYREGSNRRNNSFLFNNFNLRPSGNTNRFHSLND
35	RHN53823.1	26	64	143	80	13.037	15	74	60	0.217	126	13.037	15	74	60	20.303	1	126	126	335	13.284	10.613	NNKNGQEHDQYSLQPQPPSNQSNSNIMLFNTAPTGANSRKRVRGRETGAMQQSQYMMNQF	MAVQAQYPSNVLFLN	GDQQHQRLQLLQQQQ	MAVQAQYPSNVLFLNNKNGQEHDQYSLQPQPPSNQSNSNIMLFNTAPTGANSRKRVRGRETGAMQQSQYMMNQFSLQSHTPHLIDLTQLQNHHHQQQQNQNIVSTGLGLSFGDQQHQRLQLLQQQQ	LIDLTQLQNHHHQQQQNQNIV	67.6859	MAVQAQYPSNVLFLNNKNGQEHDQYSLQPQPPSNQSNSNIMLFNTAPTGANSRKRVRGRETGAMQQSQYMMNQFSLQSHTPHLIDLTQLQNHHHQQQQNQNIVSTGLGLSFGDQQH
36	RHN51648.1	23	288	367	80	11.498	353	412	60	0.192	82	11.498	353	412	60	13.286	336	417	82	417	6.2	4.359	HQSNVQNFVIQCDNNSHAPQHSPPFANIFTAQSSVLNSYAPQHSSTFGNIFTYQSNMNPY	NNSYTPQHSQTFANI	FTYQSNMNPYDEFFN	NNSYTPQHSQTFANIFTHQSNVQNFVIQCDNNSHAPQHSPPFANIFTAQSSVLNSYAPQHSSTFGNIFTYQSNMNPYDEFFN	WSQAMQQEFLRAVNQFGLDNA	66.794	ICQHVSRKSLNENKHDQIHVDNGTKETHVDVVEKDNYQPPTKKNRLKWSQAMQQEFLRAVNQFGLDNA
37	RHN66276.1	25	31	110	80	9.577	37	96	60	0.16	66	9.577	37	96	60	12.594	31	96	66	228	4.936	0.252	TQQQNNVGPSDPNTSVFKHHLGSSFSLPSPKSNFSNLLNINDNININGSTTNNKNDNNNP	PNLQNHTQQQNNVGP	INGSTTNNKNDNNNP	PNLQNHTQQQNNVGPSDPNTSVFKHHLGSSFSLPSPKSNFSNLLNINDNININGSTTNNKNDNNNP	ADNNYNSNTIIDNFDDENCVS	66.9533	LNGFEKKMRKDENGEVEKGLNYNSNESVDAGKMRNHEKNADNNYNSNTIIDNFDDENCVSEGDRKGKKKENPSKSLIAER
38	RHN50330.1	17	1	64	64	5.712	3	62	60	0.095	64	5.712	3	62	60	4.835	1	64	64	64	2.171	0.517	SNQASYNAGQAKGQTQEKASNMMDKASNAAQSAKESIQETGQQMQAKAQGATDSAKNSTN	MDSNQASYNAGQAKG	AQGATDSAKNSTNKN	MDSNQASYNAGQAKGQTQEKASNMMDKASNAAQSAKESIQETGQQMQAKAQGATDSAKNSTNKN	AKESIQETGQQMQAKAQGATD	63.6088	MDSNQASYNAGQAKGQTQEKASNMMDKASNAAQSAKESIQETGQQMQAKAQGATDSAKNSTNKN
39	RHN76558.1	52	171	250	80	52.322	192	251	60	0.872	423	52.322	192	251	60	190.723	92	514	423	1289	231.295	224.167	QQVVPQQQQQQQQQSQNPQQYLYQQQLLRQKLQMQSQQQQQQQHHQQQQQQQQQQQQQQN	SQGTISNNIPPNQVG	QSGVFDQQKQIYQSQ	SQGTISNNIPPNQVGPSNQPPDPGLGIQSQVLNQGQQHPIPLPNQPQSRQQLLSQNIQNNIASQPNLPPVSGLTQTPIANGQNSNIQNMFNASQRQMQGRQQVVPQQQQQQQQQSQNPQQYLYQQQLLRQKLQMQSQQQQQQQHHQQQQQQQQQQQQQQNLLQSNQLQSSQQSVMQQPSMMQTSSLSSIQHNQQSNNGQQSTQSMLQQHPQVIRQQQQQQTSIMHQQQTPITQQSILPQQQQPQQQLMGQQANATNMQHNQILGPQNNVGDLQQSQRLLAQQNNLSNLQQQKLINQQNNLSNINQQLGNNAPGLQPQQVLGPQSGNSGMQTSQHSAHVLQQSKVPMQQQSQQGASNLLPSQPQQSQPQAPQQQLMPQVQSQPAQLQQQPNPLQRDMQQRLQASGSLLQQSGVFDQQKQIYQSQ	QMQQLHQMNDVNDMKMRQGIN	69.5652	NMIQQNLNPLQPGSGMLQHQQLKQQQEQQMLQSQQFKQQYQRQLMQRQQMIQQQQLHQPAKQQLPAQMQTHQMQQLHQMNDVNDMKMRQGINAKPGVFQQHLASSQRSAYPHQQLKQGPFPVSSPQLLQATSPQISQH
40	RHN64117.1	46	77	156	80	35.804	79	138	60	0.597	268	35.804	79	138	60	49.633	79	176	98	512	115.555	107.855	PNNNNNNNQNNLVNQLKNMQIDNGKGGGNNNNKGQNQNQKGSGNNNQPKGGQQIQLQGLN	PNNNNNNNQNNLVNQ	DLAQFKGMKMPPNQN	PNNNNNNNQNNLVNQLKNMQIDNGKGGGNNNNKGQNQNQKGSGNNNQPKGGQQIQLQGLNPQQQQQLQLQQQLQQLQQMKGFQDLAQFKGMKMPPNQN	NQNNLVNQLKNMQIDNGKGGG	69.6129	LIKKLAKSGKHAQLWSVPKPNNNNNNNQNNLVNQLKNMQIDNGKGGGNNNNKGQNQNQKGSGNNNQPKGGQQIQLQGLNPQQQQQLQLQQQLQQLQQMKGFQDLAQFKGMKMPPNQNAKGVKFDVPEDEDDFSDDEMDDFDDDEDDDEDFDDEFDDEMVGLPPNKMKPPSMPMGNG
41	RHN51801.1	41	218	297	80	35.712	726	785	60	0.595	277	35.712	726	785	60	84.161	584	860	277	894	110.439	101.301	QQRQQQQQQQHLQQRSLSANNLPQQNHSQGPQGNQSLQQQMIQQLLQDMSNNNGGVQQQS	NYSQYSTTPKLQMQK	GNNGFNQRPSDMSQN	NYSQYSTTPKLQMQKMQEMEQAANGQGPPPDQNTLNKLMALNPGSNNHISNSNHNMGNRGALTVPSQAAMAMSNYQNLLMRQNSMNSSPGSLHREGSPFSNSNQNPSPASLQGAGAAIIPGSMQNSPHNSGGGFSNPHLPSLQQRQQQQQQQHLQQRSLSANNLPQQNHSQGPQGNQSLQQQMIQQLLQDMSNNNGGVQQQSHSGPNVSGNMAKNNLGFGGQTPTTNGGGSANGQGNNGPVSRSNSFKAASNSDSSAAAGGGGNNGFNQRPSDMSQN	GNQSLQQQMIQQLLQDMSNNN	63.7999	GSMQNSPHNSGGGFSNPHLPSLQQRQQQQQQQHLQQRSLSANNLPQQNHSQGPQGNQSLQQQMIQQLLQDMSNNNGGVQQQSHSGPNVSGNMAKNNLGFGGQTPTTNGGGSANGQGNNGPVSRSNSFKAASNSDSSAAAGGG
42	RHN61070.1	29	387	466	80	26.194	408	467	60	0.437	129	26.194	408	467	60	37.479	370	498	129	546	27.15	23.609	QNNHESLNSQQFSQHQGGGYFQTQLELCQQQNQQPSQNSNIGSFYNGYYQNHPGLFQMNN	NSSSFQYGTSSSSNT	SSGIYSNSGGLISNN	NSSSFQYGTSSSSNTRLQPYPLMQYHHQFEQPQPLLTLQNNHESLNSQQFSQHQGGGYFQTQLELCQQQNQQPSQNSNIGSFYNGYYQNHPGLFQMNNIGSSSSSSVMGNNGGGSSGIYSNSGGLISNN	NSQQFSQHQGGGYFQTQLELC	65.8862	SRKREEMLALNSSSFQYGTSSSSNTRLQPYPLMQYHHQFEQPQPLLTLQNNHESLNSQQFSQHQGGGYFQTQLELCQQQNQQPSQNSNIGSFYNGYYQNHPGLFQMN
43	RHN68548.1	24	8	87	80	25.687	30	89	60	0.428	122	25.687	30	89	60	40.452	11	132	122	944	35.278	27.224	QHPQLQPPGGSVQDGQSVSSVADYYNSYQQQQPNHAYSQPVGAYQNTGYQNSNGYANQAP	NVQSSTANGIYSNPT	GAAATSVQYQPQYNQ	NVQSSTANGIYSNPTYQYDQHPQLQPPGGSVQDGQSVSSVADYYNSYQQQQPNHAYSQPVGAYQNTGYQNSNGYANQAPAWNNDSYSSYASHPYTSYATDSSSSYSTGAAATSVQYQPQYNQ	GHDDYWKHGAQTSSQIHQTSS	62.1118	YWAQESSTPAVPPLQPAAVNSGGHDDYWKHGAQTSSQIHQTSSQIHQTSSQIHQTNPIQPNYQSHLDLNSSYDKFQDQQQKTVSSQGTNLYFPLPPPPPPPQQVNL
44	RHN78153.1	26	205	284	80	24.625	210	269	60	0.41	164	24.625	210	269	60	40.054	107	270	164	787	29.78	25.271	NGGNNNNNDHSPAASPVIESGNGGNNNNNDDDNDHSPASSSVIESGNGGNNNNNGGNNNN	SGNGGNNKNNDDNNY	NGGNNNNNGGNNNNN	SGNGGNNKNNDDNNYHSPAASPVIAPAASPVIESGNGGNNNNNDDNNYHSPAASPVIAPAASPVTVIESGNGGNNNNNNDNNYHSPAASPVITPAASPVIESGNGGNNNNNDHSPAASPVIESGNGGNNNNNDDDNDHSPASSSVIESGNGGNNNNNGGNNNNN	GGNNNNNGGNNNNNDDSVTSF	63.4177	YHSPAASPVITPAASPVIESGNGGNNNNNDHSPAASPVIESGNGGNNNNNDDDNDHSPASSSVIESGNGGNNNNNGGNNNNNDDSVTSFPATNFPNERLKHAYVAF
45	RHN64118.1	19	7	86	80	24.028	7	66	60	0.4	89	24.028	7	66	60	27.391	1	89	89	358	20.311	18.388	NNNSNNRNISRRRHNSYHEHYPPPPYYYYSSQPQPLMPQPQPQPQPPQGYFPPHQYYSNG	MGGSWSNNNSNNRNI	PQPHHPFYATTNTQP	MGGSWSNNNSNNRNISRRRHNSYHEHYPPPPYYYYSSQPQPLMPQPQPQPQPPQGYFPPHQYYSNGYTPANSMLPQPHHPFYATTNTQP	SWSNNNSNNRNISRRRHNSYH	61.7295	MGGSWSNNNSNNRNISRRRHNSYHEHYPPPPYYYYSSQPQPLMPQPQPQPQPPQGYFPPHQYYSNGYTPANSM
46	RHN64391.1	29	627	706	80	23.806	639	698	60	0.397	187	23.806	639	698	60	25.606	633	726	94	737	51.2	44.434	NQSVQQSQIQGQPSIPPTQQVAQNQQVQPQSHFRGQVHHQQIQQPSSFQAYGVTGHQNVQ	QQKQLLNQSVQQSQI	AGDPGRYSQGINNTQ	QQKQLLNQSVQQSQIQGQPSIPPTQQVAQNQQVQPQSHFRGQVHHQQIQQPSSFQAYGVTGHQNVQELGYKQSQTSFVSAGDPGRYSQGINNTQ	LTSSEQQKQLLNQSVQQSQIQ	63.9751	CNWTEHLSPEGFKYYYNSVTGESRWEKPEELTSSEQQKQLLNQSVQQSQIQGQPSIPPTQQVAQNQQVQPQSHFRGQVHHQQIQQPSSFQAYGVTGHQNVQELGYKQSQTSFVSAGDPGRYSQGINNTQELMWKNRPTGV
47	RHN76155.1	27	395	474	80	20.84	419	478	60	0.347	98	20.588	415	474	60	25.434	377	474	98	522	18.566	12.183	SFDHQSYIQTQLQLQQQQSGGFYNYDGNFVQNNPSLMNMGMIENNGGGGYIGNMNCANNN	QYGISSNSSRIQLQG	GGGGYIGNMNCANNN	QYGISSNSSRIQLQGYPLMQFEQHAQQNLYDSSTQDTTSFDHQSYIQTQLQLQQQQSGGFYNYDGNFVQNNPSLMNMGMIENNGGGGYIGNMNCANNN	TQLQLQQQQSGGFYNYDGNFV	73.483	SNSSRIQLQGYPLMQFEQHAQQNLYDSSTQDTTSFDHQSYIQTQLQLQQQQSGGFYNYDGNFVQ
48	RHN48340.1	28	246	325	80	20.033	258	317	60	0.334	110	20.033	258	317	60	28.667	258	367	110	607	18.617	15.101	GQQDHVNSPSNDPQQLLEQQSQINGHEQSQTPSPNNDPPQNQQPSQNIDPPQPPQSSPIN	GQQDHVNSPSNDPQQ	PTNEPQHPQSPSPHN	GQQDHVNSPSNDPQQLLEQQSQINGHEQSQTPSPNNDPPQNQQPSQNIDPPQPPQSSPINDPQVQLVQSPISHPLQLTNHSPPNSPSQPPSHNPSPTNEPQHPQSPSPHN	IQHILTEERAQTSTNIVIGQQ	68.1318	IQHILTEERAQTSTNIVIGQQDHVNSPSNDPQQLLEQQSQINGHEQSQTPSPNNDPPQNQQPSQNIDPPQPPQSSPINDPQVQLVQSPISHPLQLTNHSPPNSPSQPPSHNPSPTNEPQHPQSPSPHNDPTQEITHSSPGLNPLPPPPPFSPSDDPSPTPSIANEQHEHNRWDRVESFCN
49	RHN54925.1	22	417	496	80	19.366	418	477	60	0.323	94	19.157	424	483	60	17.911	424	517	94	517	14.376	8.654	NNIQQNNSQQSAANLTNSSSSNNINFSAIQHQQPMASIPYGIPYDSNTAYYHHNLFQHFH	NNIQQNNSQQSAANL	PPTSAEFYLWPNQSY	NNIQQNNSQQSAANLTNSSSSNNINFSAIQHQQPMASIPYGIPYDSNTAYYHHNLFQHFHASTNDGAAESAANGGLNAMPPTSAEFYLWPNQSY	SQTETQDSSLTNMYDHHHYFG	68.7689	VNHTPPPKLEDFLGDSQTETQDSSLTNMYDHHHYFGGDHSQHQHQQHHQDLTGFQAFSNNNSGSEVDDSGSIGKSGQ
50	RHN78477.1	24	60	139	80	18.481	60	119	60	0.308	60	18.481	60	119	60	18.481	60	119	60	354	8.564	6.129	YQANDSSDYQQNRPRFHQQNASGYFPNNHASSERIYYGSGQTAHGGHVNNNITQNVVQNN	YQANDSSDYQQNRPR	GHVNNNITQNVVQNN	YQANDSSDYQQNRPRFHQQNASGYFPNNHASSERIYYGSGQTAHGGHVNNNITQNVVQNN	NITQNVVQNNLAEHNGSVNED	63.6407	NTSRDISTAAERWDYQANDSSDYQQNRPRFHQQNASGYFPNNHASSERIYYGSGQTAHGGHVNNNITQNVVQNNLAEHNGSVNEDFGQRNFKMQHKVGVGVDNSRGFGMHPYGSFERHNWRLESGETMKYPNSHSLLTPIEYQGHHENLTQNRGRWQQARNSDTQNSASDTGKLKNLDEFCK
51	RHN53751.1	20	501	580	80	17.923	488	547	60	0.299	192	17.923	488	547	60	32.424	401	592	192	1555	26.512	16.335	NQAGNYGGSQGVGSQAVNGSWSGSHGVNQAGNYGGSQGVGSQAVNGSWSGSHGVNHQQGF	YNSSVQSSVHGLQNG	QVNTSSSFGSVALNN	YNSSVQSSVHGLQNGHTSTSTSSFNDDNSLYSEYSQAGNHVSQGVGSQAVNGSWSGSHGVSQAGNYDGSHGVGSQAVNGSWSGSHGVNQAGNYGGSQGVGSQAVNGSWSGSHGVNQAGNYGGSQGVGSQAVNGSWSGSHGVNHQQGFDMYATEASTKIGNNTASSGNQQVHHSYGNQQVNTSSSFGSVALNN	YDTSFDNHTGKQGDGLNTSVN	72.0178	QVSPVIEAHNVVLNSSVDYSQYQGVQGYDTSFDNHTGKQGDGLNTSVNYVQYQEGGGAYD
52	RHN68290.1	20	361	440	80	17.918	379	438	60	0.299	111	17.918	379	438	60	21.253	369	479	111	479	15.028	11.707	NYNGGYSHPTHPQPQGQRGVFPHPKSQRRFQNGKQGASSNGSTSKQGANSNGATSNQGAS	PNYNVRPAIPNYNGG	PQQQAWRPKAPNQIA	PNYNVRPAIPNYNGGYSHPTHPQPQGQRGVFPHPKSQRRFQNGKQGASSNGSTSKQGANSNGATSNQGASSNGATSKQGASSNGAISTVPAKALQGPQQQAWRPKAPNQIA	ASSNGATSKQGASSNGAISTV	62.8284	YNVRPAIPNYNGGYSHPTHPQPQGQRGVFPHPKSQRRFQNGKQGASSNGSTSKQGANSNGATSNQGASSNGATSKQGASSNGAISTVPAKALQGPQQQAWRPKAPNQIA
53	RHN76161.1	27	84	163	80	17.505	87	146	60	0.292	79	17.505	87	146	60	23.645	85	163	79	411	14.949	10.87	NQQQQQQDQGLASINNEHVVHQQSNYNNSVPSSHGFYQSSMMPPLPNQNVSSGLDGSFSM	NINQQQQQQDQGLAS	NRLQQVKNHGGNNSN	NINQQQQQQDQGLASINNEHVVHQQSNYNNSVPSSHGFYQSSMMPPLPNQNVSSGLDGSFSMGVNRLQQVKNHGGNNSN	QDQGLASINNEHVVHQQSNYN	72.8937	SRFINSFGSDDDLLAQKISVDSTVKEEEEVNINQQQQQQDQGLASINNEHVVHQQSNYNNSVPSSH
54	RHN79212.1	22	7	86	80	16.471	24	83	60	0.275	63	16.471	24	83	60	17.26	24	86	63	507	8.898	4.697	NNNSMLMASKNSHESLQQQQNLLHHHQQQQQNQHHPHHMHDHQISFGMMPSSSSSSMPSN	NNNSMLMASKNSHES	MPSSSSSSMPSNYLN	NNNSMLMASKNSHESLQQQQNLLHHHQQQQQNQHHPHHMHDHQISFGMMPSSSSSSMPSNYLN	AEQQEQVDASFLGTNNNSMLM	62.6532	EAEQQEQVDASFLGTNNNSMLMASKNSHESLQQQQNLLHHHQQQQQNQHHPHHMHDHQISFGMMPSSSSSSMPSNYLNKDSS
55	RHN71830.1	26	147	226	80	15.382	147	206	60	0.256	66	15.382	147	206	60	17.947	145	210	66	345	15.734	8.951	SSSNSSSQINNFQNQQPLLNPDLLNLASSFFQHQQDYNNPQIQNQVPLSHFLQFQDQLPQ	YASSSNSSSQINNFQ	HFLQFQDQLPQVNSN	YASSSNSSSQINNFQNQQPLLNPDLLNLASSFFQHQQDYNNPQIQNQVPLSHFLQFQDQLPQVNSN	SNYNNYYGSDNQNLMYYQTSN	73.4193	SNYQQYSVHDIDCHQNNGFGLSNLKEEDYIPQLSNYNNYYGSDNQNLMYYQTSNQLLSTPSSSSPTPLNSNSTCIIGSNTEDERESYESCNRLNFEIPAHILEANDFM
56	RHN72546.1	24	418	497	80	13.314	438	497	60	0.222	72	13.314	438	497	60	19.629	428	499	72	553	16.72	12.479	QRPQHAPFHQVPSFFQGQNQNFAQAAASLYNQSKFSGLQLSQEVGSSHLTTQASTQQQQQ	QNSNPNPLQFQRPQH	HLTTQASTQQQQQPS	QNSNPNPLQFQRPQHAPFHQVPSFFQGQNQNFAQAAASLYNQSKFSGLQLSQEVGSSHLTTQASTQQQQQPS	KSQKILNSSNVADQANTEATM	68.4344	TEVEDQVSNSSSDERTRSNTPQMRNSNGKTGREDSPESETQGWGPNKSQKILNSSNVADQANTEATMR
57	RHN80343.1	19	76	155	80	13.208	80	139	60	0.22	62	13.208	80	139	60	15.997	79	140	62	191	6.444	3.769	NSFIGNYQPSNMHGYSYEQPRSYEYPTAPNYHVGNYQTSNVHGFSYDQQGSSNWPNFHLN	QNSFIGNYQPSNMHG	DQQGSSNWPNFHLNQ	QNSFIGNYQPSNMHGYSYEQPRSYEYPTAPNYHVGNYQTSNVHGFSYDQQGSSNWPNFHLNQ	NYHVGNYQTSNVHGFSYDQQG	66.2844	ETMVFPFASEQNSFIGNYQPSNMHGYSYEQPRSYEYPTAPNYHVGNYQTSNVHGFSYDQQGSSNWPNFHLNQELQGPDLSLQIGSTQHYVDDTHHQRIRRGNDQEDIEVDLELRLGQDS
58	RHN81144.1	22	111	190	80	13.11	131	190	60	0.219	64	13.11	131	190	60	13.603	131	194	64	194	8.324	5.245	GNQNNKGNNNINININNNNSDEIENNINETYYYDDGKSQTPRKVNVASSSMFNNRNSGPQ	GNQNNKGNNNININI	SMFNNRNSGPQSRGY	GNQNNKGNNNINININNNNSDEIENNINETYYYDDGKSQTPRKVNVASSSMFNNRNSGPQSRGY	NNNINININNNNSDEIENNIN	80.172	WALGTLGFDDYAEPLKRYLYKYRELDAERGNQNNKGNNNINININNNNSDEIENNINETYYYDDGKSQTPRKVNVASSSMFNNRNSGPQSRGY
59	RHN62399.1	31	299	378	80	24.588	302	361	60	0.41	128	10.89	188	247	60	19.123	126	253	128	384	31.084	20.827	SSSSSGYDHLQQQQPQVNGLGLGFSSGVVNLNHHDDYRNGFGSNNNNYSSIFGSSSTSTN	SPSSSTPNSANSNPP	FGSSSTSTNDNSMAS	SPSSSTPNSANSNPPSQQQQQQHHSFDIASTSNHINSLLYGNSSCHDVMNFPFATRFNSTRVSSSSSGYDHLQQQQPQVNGLGLGFSSGVVNLNHHDDYRNGFGSNNNNYSSIFGSSSTSTNDNSMAS	SQQQQQQHHSFDIASTSNHIN	69.7244	ELLQQQQQALRCPRCDSSNTKFCYYNNYSLSQPRHFCKACKRYWTRGGTLRNVPVGGGCRKNKRLKRPNHSSSNIDTATASPSSSTPNSANSNPPSQQQQQQHHSFDIASTSNHINSL
60	RHN70595.1	20	1	80	80	9.724	3	62	60	0.162	62	9.724	3	62	60	9.837	1	62	62	373	3.052	1.337	YHNQDNPLHHFTEQQQPTSDPHHSFQTAPNWLNNALLRNLDTNVNATATNNNNGSQSSGQ	MAYHNQDNPLHHFTE	ATATNNNNGSQSSGQ	MAYHNQDNPLHHFTEQQQPTSDPHHSFQTAPNWLNNALLRNLDTNVNATATNNNNGSQSSGQ	KARLVQETGLQLKQINNWFIN	73.483	DWWQSHSKWPYPTEEDKARLVQETGLQLKQINNWFINQRKRNWHSNPSTSNALKSKRKRNK
61	RHN64540.1	46	469	548	80	43.137	476	535	60	0.719	306	43.137	476	535	60	111.648	467	772	306	1121	98.948	93.805	PNLPNQINQLQQSPTSWPQQQQQQQQPLQQQQQQQQQQQQQLQSLSQIPMNQFQQQRQQQ	SAPNLQFNKPNLPNQ	MQSQQLSVNQTRNTQ	SAPNLQFNKPNLPNQINQLQQSPTSWPQQQQQQQQPLQQQQQQQQQQQQQLQSLSQIPMNQFQQQRQQQLPESQNLTLLQQQITHQLQKQPQSSQHAIMNNGVVASNQITNQFQQPQPLAYAQLQQQQQLLQGSIPLQQSIQSASKNAFPLTSLPHDSQFHQQIDQQASLSQRQQQQTQSQQSSLQALQQSQPQRVQPNLQATQMSQQNTSEQQLQLQFLQKLQQQQQQQQLLSTSNPLLQSQLLQQQNTNQQNQQLSQLPISQHHNQQFGNNAFSTEKLLNSNNLSSSSLMQSQQLSVNQTRNTQ	LQQQQQQQQQQQQQLQSLSQI	65.3925	PNLQFNKPNLPNQINQLQQSPTSWPQQQQQQQQPLQQQQQQQQQQQQQLQSLSQIPMNQFQQQRQQQLPESQNLTLLQQQITHQLQKQPQSS
62	RHN76208.1	41	320	399	80	39.998	336	395	60	0.667	85	39.998	336	395	60	47.936	317	401	85	429	37.793	35.028	QQFYPNNNHAMHTLLAAQQFQQLQIHPQKQQQHQFQQQIQQQQQIQQQQMQQQQMQQQQQ	GQAMPPNGGPMNLAS	QQQMQQQQQEQQQSG	GQAMPPNGGPMNLASFGGGQQFYPNNNHAMHTLLAAQQFQQLQIHPQKQQQHQFQQQIQQQQQIQQQQMQQQQMQQQQQEQQQSG	NNNHAMHTLLAAQQFQQLQIH	68.7689	NNNHAMHTLLAAQQFQQLQIHPQKQQQHQFQQQIQQQQQIQQQQMQQQQMQQQQQEQQQSGDLKMRATTPPCPKDNPSSDVNPSATKDC
63	RHN39440.1	40	287	366	80	36.469	297	356	60	0.608	366	36.469	297	356	60	98.118	1	366	366	571	86.859	83.583	QQQQLASSGQLQQNSMTLNQQQLSQFMQQQKSMGQPQLHQQQPSPQQQQQQQLLQPQQQS	MAENVIGSPDSQIQN	PQQQSQLQASVHQQQ	MAENVIGSPDSQIQNPSSSNPSIPSPSPISQQQQSPSIHMSNSSPSLSQDQQQLHTINTINPNSNFQLQQTLQRSPSMSRLNQIQPQQQQQVVARQQAALYGGQMNFGGSAAVSAQQQQLSGGVAAMGGSASNLSRSALIGQSGHFPMLSGAGAAQFNLLTSPRQKGGMVQSSQFSSANSAGQSLQGMQQAIGMMGSPNLASQMRTNGGLYTQQQQIRLTPAQMRQQLSQQALNSQQVQGIPRSSSLAFMNSQLSGLSQNGQPGMMHNSLTQSQWLKQMPAMSGPASPLRLQQHQRQQQQLASSGQLQQNSMTLNQQQLSQFMQQQKSMGQPQLHQQQPSPQQQQQQQLLQPQQQSQLQASVHQQQ	SMTLNQQQLSQFMQQQKSMGQ	64.7555	TQSQWLKQMPAMSGPASPLRLQQHQRQQQQLASSGQLQQNSMTLNQQQLSQFMQQQKSMGQPQLHQQQPSPQQQQQQQLLQPQQQSQLQASVHQQQHLHSPRVAGPTGQKSI
64	RHN39435.1	44	67	146	80	34.812	93	152	60	0.58	168	34.812	93	152	60	61.305	1	168	168	174	52.302	50.969	QFQQQQQQQLLQQQQQQQQLLQLQQQPQQQYQRLQQQLASSAQLQQNSLTLNQQQLPQLM	MGSSNLASQLMMTNG	RRSMGQRQLQQQQIQ	MGSSNLASQLMMTNGALYAQQLQLSQQAPLNNQQNGQPAILPSVSGTASLLPLQQLQRQQQLASSAQFQQNSLTLNQQQLPQLMQRRSMGKLQFQQQQQQQLLQQQQQQQQLLQLQQQPQQQYQRLQQQLASSAQLQQNSLTLNQQQLPQLMQRRSMGQRQLQQQQIQ	QQYQRLQQQLASSAQLQQNSL	67.4788	AQFQQNSLTLNQQQLPQLMQRRSMGKLQFQQQQQQQLLQQQQQQQQLLQLQQQPQQQYQRLQQQLASSAQLQQNSLTLNQQQLPQLMQRRSMGQRQLQQQQIQCRCCSH
65	RHN68855.1	20	331	410	80	28.25	394	453	60	0.471	161	28.25	394	453	60	47.322	332	492	161	492	38.68	36.803	QQMQHYGRPMMPPPQGQYHHQYYPPYQQYPPQYNAAMPPVPPYQQYPPQYNAAMPPPQPP	SQQQNQDQTQGMLYY	APAETGTSTSGSQEQ	SQQQNQDQTQGMLYYNNPPPPQQERNYYPSMDPQRMGALLPSQDGPPGGPSGSGENKPSSEKQQMQHYGRPMMPPPQGQYHHQYYPPYQQYPPQYNAAMPPVPPYQQYPPQYNAAMPPPQPPAANHPYQHPMQPGSSQTGSGQAGSAPAETGTSTSGSQEQ	RAVISQQQNQDQTQGMLYYNN	65.5199	DGLDQARQQASVAHSGLFPRAVISQQQNQDQTQGMLYYNNPPPPQQERNYYPSMDPQRMGALLPSQDGPPGGPSGSGENKPSSEKQQMQHYGRPMMPPPQGQYHHQYYPPYQQYPPQYNAAMPPVPPYQQYPPQYNAAMPPPQPPAANHPYQHPMQPGSSQTGSGQAGSAPAETGTSTSGSQEQ
66	RHN60063.1	29	232	311	80	27.67	277	336	60	0.461	273	27.67	277	336	60	64.432	202	474	273	527	51.515	47.816	AQQPTPSQINPPTPVQQFSQYQQQPPPQQQQWSQQVQQSSMQPQMRPPSSTVYPPYQPSQ	NNQQLALALPHQIAP	RNPSQSQFVRNHPYN	NNQQLALALPHQIAPQPQPAGPPPAQAPPPNVNQPTQQPSYYMPPAPAASQLPQNQYMPSDQQYRTPQLQDMSRVAQQPTPSQINPPTPVQQFSQYQQQPPPQQQQWSQQVQQSSMQPQMRPPSSTVYPPYQPSQASNPSPTETLPNSMPMQMPYSGVPQPGSSRADSMQYGYGGTGRTVPQQPPPQQIKGSFPSQPGDVYGASGTHPALPPPPGNAYMMYDGGEGGRAHHPPPQPSHFAQSGYPQTSASLTNPNLLVRNPSQSQFVRNHPYN	LQLAQKESSSSSHSQSNEDKS	62.2392	TQKELAKLQLAQKESSSSSHSQSNEDKSSPSTTDPKKADNASDTNNQQLALALPHQIAPQPQPAGPPP
67	RHN67405.1	26	314	393	80	26.867	315	374	60	0.448	198	26.867	315	374	60	45.53	315	512	198	708	45.199	37.606	QNNRNQQVNQTAGGGVNPGRRGPADVGAKPAGSNIATGGNYQGGDGNNNNNNNNNNRGYG	QNNRNQQVNQTAGGG	GMMPQSGMDGPNMGM	QNNRNQQVNQTAGGGVNPGRRGPADVGAKPAGSNIATGGNYQGGDGNNNNNNNNNNRGYGRGNWGRGNNPGMGGRGPVNPMRNRGGGIGGRGIIGNGGNGFGQGIGGAPPMMHPQQMMNQGFDPAFAGPMGRMAGFGGYPGGPAPPFSGMMPQFPGVGGVGLPGVAPHVNPAFFGRGMPVNGMGMMPQSGMDGPNMGM	AGSNIATGGNYQGGDGNNNNN	66.0774	FTVKKMGEAQNNRNQQVNQTAGGGVNPGRRGPADVGAKPAGSNIATGGNYQGGDGNNNNNNNNNNRGYGRGNWGRGNNPGMGGRGPVNPMRNRGGGIGGRGIIGNGGNG
68	RHN61754.1	24	15	94	80	24.568	20	79	60	0.409	135	24.568	21	80	60	28.866	21	116	96	393	37.742	30.684	NIHQQQQRTSNNNGFGGGGGGGQQNTNPFGFGSTSTSASNNHQPKTNPFGFGSQNNGAPR	NIHQQQQRTSNNNGF	KPQNGTPRQSDNNSQ	NIHQQQQRTSNNNGFGGGGGGGQQNTNPFGFGSTSTSASNNHQPKTNPFGFGSQNNGAPRSDFKPNQSQPLENNKWSRSSSKPQNGTPRQSDNNSQ	QHFLRGRCRFGTTCRNIHQQQ	71.6037	MREICQHFLRGRCRFGTTCRNIHQQQQRTSNNNGFGGGGGGGQQNTNPFGFGSTSTSASNNHQPKTNPFGFGSQNNGAPRSDFKPNQSQPLENNKWSRSSSKPQNGTPRQSDNNSQTVNHKCTDPEACKRQIVEDFQ
69	RHN49711.1	23	272	351	80	23.937	317	376	60	0.399	237	23.937	317	376	60	45.128	239	475	237	565	34.8	29.166	PNQQYQLPLTQQPHPQPGAPPHQQYQQTPHHQYSQPPPHLPPQQPPHSSGNPPQLQSSMG	QQTSSVSASAPLQTQ	PNASAASSGGNSYPQ	QQTSSVSASAPLQTQHYLPSSYNLPQSIPVVSPPNAPPQQSLPPPAQLPNQYSQIPTPTPTVPQRDPYLPPPVQSQEIPNQQYQLPLTQQPHPQPGAPPHQQYQQTPHHQYSQPPPHLPPQQPPHSSGNPPQLQSSMGHHLEEPPYVPSQTYPPNLRQPPSQPPSGPPQPSQQFYGTPPQGYEPPSSRPGASYSSGYGTLSGPTEPYRYGGPPQYGSKQSQLPNASAASSGGNSYPQ	HGGSSSTNNNNNNDFIDLIKN	66.5551	MNTTSFMDKQIMDLSHGGSSSTNNNNNNDFIDLIKNNREHHEEEEDEEDNDSLIHHKNGGG
70	RHN62362.1	35	168	247	80	23.784	170	229	60	0.396	168	23.784	170	229	60	38.613	107	274	168	358	37.339	28.859	NSNENQNNNNNDNKYFYNNNNKDSSSNTKFTEEGYNSMENRNNNNNKYFYNNNNKDSSSN	NNNKVNNYFNYQQDS	NDKYSFKSNNNYNNG	NNNKVNNYFNYQQDSDNKYPNEVSDTKLTPTSYSSSSNNNYDNNKYSSSSDDFSNKKFPEEGYNSNENQNNNNNDNKYFYNNNNKDSSSNTKFTEEGYNSMENRNNNNNKYFYNNNNKDSSSNTKFPEEGYNSMQNQNNNNYEKYNYNNKVAVNDKYSFKSNNNYNNG	EGYNSNENQNNNNNDNKYFYN	73.26	NNNVREVPNNETPLNKPENQPVFVPETENSYGLYGHDTGLHPPTTTNTNNVDPNTYQSYEKTSSHDEINNNKVNNYFNYQQDSDNKYPNEVSDTKLTPTSYSSSSNNNYDNNKYSSSSDDFSNKKFPEEGYNSNENQNNNNNDNKYFYNNNNKDSSSNTKFTEEGYNSMENRNNNNNKYFYNNNNKDSSSNTKFPEEGYNSMQNQNNNNYEKYNYNNKVAVNDKYSFKSNNNYNNGERQGMSDTRVMEGGKYFYDVNSEEKYNPTFNGDSSKGVVNSENWYNKKGYFGNNNVNNYENNKNSMNGYQNQEQFEDDQEEFEP
71	RHN47439.1	26	238	317	80	22.09	266	325	60	0.368	60	22.09	266	325	60	22.09	266	325	60	383	12.862	9.709	NPTMMNYTSISNQSNLNNPIGNTLPQPQIRIQNPNLNYFMYQNRMQSSMPTNVYGSGKNN	NPTMMNYTSISNQSN	QSSMPTNVYGSGKNN	NPTMMNYTSISNQSNLNNPIGNTLPQPQIRIQNPNLNYFMYQNRMQSSMPTNVYGSGKNN	KGITTNQQISSTKSQSDGYYL	64.1503	DPSYTNDDFKGITTNQQISSTKSQSDGYYLPSFSINNNQHQFLIKPEDNYHRINYDQHEINPTMMNYTSISNQSNLNNPIGNTLPQPQIRIQNPNLNYFMYQNRMQSSMPTNVYGSGKNNECKVEQFSSNQSQDTGLSNDTSSAVSKLDMERNRALYDDLEGPSSVAPLSDLDSFWDY
72	RHN43544.1	34	530	609	80	21.857	518	577	60	0.364	204	21.857	518	577	60	41.506	430	633	204	1097	35.229	28.731	PQSQVQTQLLNPQSIVQTNNILQSQQPSIQNNQLHRSLSQNPLQQFQQTIIGQNQPQNMI	MNIQQNPAMVSSLQP	QQPAQIIQNHDQQRQ	MNIQQNPAMVSSLQPNHVPSMPASVVQNLPGSDIAHQLGFSTQQISQSNNVAFNAPGMPQMPLSTSSGLGAVMQPEQHSRQNLAYQTLPQSQVQTQLLNPQSIVQTNNILQSQQPSIQNNQLHRSLSQNPLQQFQQTIIGQNQPQNMIRPTMPDHINQQLHMSDNQVRLQLLQKLQQQQQTLLSQQSALQQPAQIIQNHDQQRQ	EANSMNHQMTDHSSQNNVQFS	61.5703	VTHNSRAITPRQVFEIPHTLQNSLLEANSMNHQMTDHSSQNNVQFSHPAKQQKLQHQQQQTQPGSLSKMSSHVGL
73	RHN63619.1	27	406	485	80	21.535	430	489	60	0.359	155	19.764	426	485	60	30.165	334	488	155	613	23.424	15.729	SSPESNPMHWNSFLNYATTQNQPYSNNRNNNNLSTLNFGRQNTMESIYQTYMQKNNNSSN	SGSSTSNSGSMPSAQ	QTYMQKNNNSSNISQ	SGSSTSNSGSMPSAQTNNNLHGLNFYLPDGTKSNQLYLSNPALSSQHSHPTITLDLTSNPSNSSTSSPFVRFNSSYNNNNQLPRYPSSTLSFSSPESNPMHWNSFLNYATTQNQPYSNNRNNNNLSTLNFGRQNTMESIYQTYMQKNNNSSNISQ	NLSTLNFGRQNTMESIYQTYM	73.9926	TLDLTSNPSNSSTSSPFVRFNSSYNNNNQLPRYPSSTLSFSSPESNPMHWNSFLNYATTQNQPYSNNRNNNNLSTLNFGRQNTMESIYQTYMQKN
74	RHN49118.1	21	178	257	80	19.23	191	250	60	0.321	83	19.23	191	250	60	20.73	191	255	65	1505	15.887	7.961	NGHNQPQTGSYPDQQFNISGNPTGNNSSQYFNPNFGGRNGSRGRGFRGNRFRGRGGRNFG	NGHNQPQTGSYPDQQ	FRGRGGRNFGRGNIQ	NGHNQPQTGSYPDQQFNISGNPTGNNSSQYFNPNFGGRNGSRGRGFRGNRFRGRGGRNFGRGNIQ	GGRNFGRGNIQCQICYKTGHD	66.0774	NEKFKKALVGETASVNLTHAENSGEKNGHNQPQTGSYPDQQFNISGNPTGNNSSQYFNPNFGGRNGSRGRGFRGNRFRGRGGRNFGRGNIQCQICYKTGHDASIC
75	RHN39445.1	18	128	207	80	17.916	131	190	60	0.299	62	17.916	131	190	60	19.518	131	192	62	348	13.371	7.91	NNTNTASSYSNRNISLNNNSSSINSPSSFPFSTSSMACHDQSQSFSQSYQNSSLNPYYYS	NNTNTASSYSNRNIS	SYQNSSLNPYYYSQS	NNTNTASSYSNRNISLNNNSSSINSPSSFPFSTSSMACHDQSQSFSQSYQNSSLNPYYYSQS	RQQQEQHCFVLGTDIKSTRTT	61.5703	SYSSSQFQNINDDNSRQQQEQHCFVLGTDIKSTRTTNKDKESETTQKPLHHFFGEWTPKNTDSWL
76	RHN80183.1	20	980	1059	80	16.567	1004	1063	60	0.276	195	16.567	1004	1063	60	18.353	999	1063	65	1199	20.983	10.55	SSQQSAQSLQLHKQHGMQQQQPAAATRNKASSTNTTSATNFANNGPVFSQSHTQCNSSNQ	SSNTSSSQQSAQSLQ	PVFSQSHTQCNSSNQ	SSNTSSSQQSAQSLQLHKQHGMQQQQPAAATRNKASSTNTTSATNFANNGPVFSQSHTQCNSSNQ	VFSQSHTQCNSSNQTSHSKIT	64.4051	FSSNTSSSQQSAQSLQLHKQHGMQQQQPAAATRNKASSTNTTSATNFANNGPVFSQSHTQCNSSNQTSHSKITGRTTSYHVHHTPSTTIKTPTTKNDLEKGRFSQGRMQISFGGNYTTSLPSQGKHQLNNSQPLYTTAAGNTFNGGNLKPNLEGWKV
77	RHN77606.1	23	486	565	80	16.287	508	567	60	0.271	110	16.287	508	567	60	20.479	463	572	110	620	11.064	6.9	QQPHYYGSQLYGTQYSSTVSNKQEQQKNLGMQQAAQGRSSVNWNIMRTQNPNWQSGRNYY	SNMHVPYFQSLAQQQ	PNWQSGRNYYSAMGP	SNMHVPYFQSLAQQQRVMPIPTYQSRYASTVYLNHMTVGGPQLQLQQPHYYGSQLYGTQYSSTVSNKQEQQKNLGMQQAAQGRSSVNWNIMRTQNPNWQSGRNYYSAMGP	QKNLGMQQAAQGRSSVNWNIM	65.3607	LQLQQPHYYGSQLYGTQYSSTVSNKQEQQKNLGMQQAAQGRSSVNWNIMRTQNPNWQSGRNYYSAM
78	RHN42157.1	25	19	98	80	16.157	663	722	60	0.269	152	16.157	663	722	60	17.573	663	727	65	839	33.859	24.235	NKNPQSSTSNNNNNTSGHLSTTTTTTNIIAQTPTQPSTTTSTTTTPQPTSNNNQLMRSNN	NKNPQSSTSNNNNNT	NNNQLMRSNNTINAN	NKNPQSSTSNNNNNTSGHLSTTTTTTNIIAQTPTQPSTTTSTTTTPQPTSNNNQLMRSNNTINAN	NNNNNTSGHLSTTTTTTNIIA	72.8619	VSNWFINARVRLWKPMVEDMYQQELKEAEGSSEGDQEDRENKNPQSSTSNNNNNTSGHLSTTTTTTNIIAQTPTQPSTTTSTTTTPQPTSNNNQLMRSNNTINANENDPSLTPLINR
79	RHN63102.1	20	215	294	80	15.51	236	295	60	0.259	68	15.51	236	295	60	15.845	229	296	68	296	10.571	7.307	AGGGSQGSGGGGGGNNNNNPFPDPSSGLPFFNLPLNMQNVHQLPVDGWAGNNNNSASRQP	QLQMQAEAGGGSQGS	GWAGNNNNSASRQPF	QLQMQAEAGGGSQGSGGGGGGNNNNNPFPDPSSGLPFFNLPLNMQNVHQLPVDGWAGNNNNSASRQPF	LGSASFMQNIHRQNLHLQQQH	61.9843	LDLGSASFMQNIHRQNLHLQQQHHHQNQHDSEEQESNRASVGGGAPFSSNEEDDRSQGLELGSAAGPGDVVGRR
80	RHN45977.1	26	280	359	80	14.814	321	380	60	0.247	126	14.814	321	380	60	25.112	271	396	126	775	19.406	11.071	GQSNWNDGSISSQMQSGSPKMKMAQTQQSLSQQQEQLQQHQLQQSNRKRKQASSSGAANS	SQNQYLLASQQQQVL	GTRNTAGPSPYSPSS	SQNQYLLASQQQQVLAQAQAQQNSLGNSNYGDMDPRRLSGLPRGSLNPKDGQSNWNDGSISSQMQSGSPKMKMAQTQQSLSQQQEQLQQHQLQQSNRKRKQASSSGAANSTGTRNTAGPSPYSPSS	QQQVLAQAQAQQNSLGNSNYG	71.4763	SQQQQVLAQAQAQQNSLGNSNYGDMDPRRLSGLPRGSLNPKDGQSNWNDGSISSQMQSGSPKMKMAQTQQSLSQQQEQLQQHQLQQSNRKRKQASSSGAANSTGTRNTAGPSPYSPSS
81	RHN49621.1	21	296	375	80	14.575	278	337	60	0.243	158	14.575	278	337	60	19.419	225	382	158	457	10.148	5.082	PNPNYAAPSPTISHPQYYNTNFYTTTTTTTTLHQQQQQQQYHHPAPAADHLLVDNNNNMN	SQYSHHHHQYLIPQY	GHQQDQRNVNVPMNM	SQYSHHHHQYLIPQYPPPPPSLPFYLPPNHHYHYSSYAATARSLYTSPQYSHLPNPNYAAPSPTISHPQYYNTNFYTTTTTTTTLHQQQQQQQYHHPAPAADHLLVDNNNNMNPLYYLTSSPITPPSTTTATGDQHLQGSVVQGHQQDQRNVNVPMNM	QYYNTNFYTTTTTTTTLHQQQ	60.8377	HYSSYAATARSLYTSPQYSHLPNPNYAAPSPTISHPQYYNTNFYTTTTTTTTLHQQQQQQQYHHPAPAADHLLVDNNNNMNPLYYL
82	RHN78202.1	30	216	295	80	14.421	212	271	60	0.24	113	14.421	212	271	60	25.259	212	324	113	445	22.127	12.827	NTSINNSQLFRNISNNNNNMSLALSQIPQQHISSIHGQNDNNQTSEILRFGNARTAQFNN	NTSINNSQLFRNISN	SELNNNNMFSENFNN	NTSINNSQLFRNISNNNNNMSLALSQIPQQHISSIHGQNDNNQTSEILRFGNARTAQFNNILSPPPQQTLQTPPFNFITQQNQNYHHDQSQFQGLISLSELNNNNMFSENFNN	MATSFSAASFFTISQEDQNQM	68.4185	MATSFSAASFFTISQEDQNQMNQQNSSTPSSSTTPTAPPQKKRRNQPGTPNPDAEVIALSPKSLMATNRFVCEVCQKG
83	RHN82779.1	19	161	240	80	14.65	179	238	60	0.244	135	14.168	264	323	60	25.964	189	323	135	1481	17.539	11.044	YSPYGSPGGYGAPPNVWMQNMSRPQHSGQFLRPPTQAANQRGQAPQAFLTGSDPYNSFNN	SQSHGPNSQNHNYTD	QAFLTGSDPYNSFNN	SQSHGPNSQNHNYTDGTGNNQFPNSNSNFGGRNGQFRGRGGRFGGRSNVQCQICSKTGHDASYCHYRFFAPQNDYYSPYGSPGGYGAPPNVWMQNMSRPQHSGQFLRPPTQAANQRGQAPQAFLTGSDPYNSFNN	SNVQCQICSKTGHDASYCHYR	64.8829	KEKFKKAAISEPVSVNLTETANSESQSHGPNSQNHNYTDGTGNNQFPNSNSNFGGRNGQFRGRGGRFGGRSNVQCQICSKTGHDASYCHYR
84	RHN66050.1	26	104	183	80	14.539	92	151	60	0.242	90	13.656	94	153	60	21.14	94	183	90	1732	16.374	6.833	NQMPNQQAAVSGYMQGQQVFQTRHNGANIMGMDTESHVNFDFFGGQQQVSGHQNGMLQPL	NQMPNQQAAVSGYMQ	QAILNQMQEQQRHQQ	NQMPNQQAAVSGYMQGQQVFQTRHNGANIMGMDTESHVNFDFFGGQQQVSGHQNGMLQPLPRQHSGINEMNLLQQQAILNQMQEQQRHQQ	VSGYMQGQQVFQTRHNGANIM	64.2936	QQSDSEQGHISSPHLRHSLNLSQSNLRPESGRNQMPNQQAAVSGYMQGQQVFQTRHNGANIMG
85	RHN48308.1	26	580	659	80	12.958	368	427	60	0.216	395	12.958	368	427	60	37.878	269	663	395	677	25.952	18.77	SGLQNQASRSTATHPQSVNLIPQNQASQPITINAMPLQNYRLQNQISRPNNAPGCSTASN	NLMPQNQASRQITMN	QNANESSTPFNGNTQ	NLMPQNQASRQITMNAYSSLGSGLQNQASRSTETHPHSVNLMPQNQVSRQITMNACSSLGSGLQNQASRSTATHPHSVNLMPQNQVSRQITMNACSSLGSGLQNQASRSTATHPQSVNLIPQNQASQPITINAMPLQNYRLQNQISRPNNAPGCSTASNFTIPNGANNGICQESGPTLARNRYPSNTAARMPLGVRNHAIQKKRGHGVGTGNPVTMNHVTAPGAPGFSNHINTQYSDRSNAAAATGFSNSRNGYGQDGIRITNAINPLLTQPSHSLAYETQPSYQSNSIQNLYGYNNFQGDESLSSYVARLNTNRYLNEHQIGSQNENIINSGATVQDVFQQNPHGGIQNEGFLARDSSGAENTNQNISYVQNLVSQNISQNANESSTPFNGNTQ	SIQNLYGYNNFQGDESLSSYV	72.623	NSIQNLYGYNNFQGDESLSSYVARLNTNRYLNEHQIGSQNENIINSGATVQDVFQQNPHGGIQNEGF
86	RHN44911.1	30	805	884	80	10.88	873	932	60	0.181	83	9.934	872	931	60	15.54	849	931	83	1639	7.212	1.46	LQQQQAERLQQQQAERLQQQTNISSHFPAYLNGSDLDRFPGFSPSQSNKSGIQQMMQNPG	QQQQAERLQQQQAER	QSNKSGIQQMMQNPG	QQQQAERLQQQQAERLQQQQAERLQQQQAERLQQQQAERLQQQTNISSHFPAYLNGSDLDRFPGFSPSQSNKSGIQQMMQNPG	VSEIHKQQQMLAAQEEQLNFL	66.7781	LQAQQLSMALRQQLGLDGERHFGRSRPINETGQLVRNPSNHQLGHSAGFNVSEIHKQQQMLAAQEEQLNFLGRNHLEQNQRGFYDPSSMMFERSSPVNVQGRELLERRRFMHPSDQL
87	RHN81775.1	16	897	976	80	12.002	935	994	60	0.2	164	9.188	546	605	60	14.911	445	608	164	1037	12.964	1.299	MNMMAVPPVSPVPPGPRFNAANMGNPPNPAMYFNQSGHGRGIPPSISSPGFNHTGPMGRG	GGSQSQYGNQDSGSF	PGFNHTGPMGRGTQP	GGSQSQYGNQDSGSFNRGGPQGIKVNRVGVRGGRIRPPGRDNQQVGMQLPMMGSPYGPLGMPPPGPMQPLSHGMSPGPPISPGVFMSPFNPSVWPGPRGVDMNMMAVPPVSPVPPGPRFNAANMGNPPNPAMYFNQSGHGRGIPPSISSPGFNHTGPMGRGTQP	NQQQMQQQQSVTISLTSGSGS	63.7203	GGGRNPPPEAPHLVVTTPDIEALRPKSPMKNQQQMQQQQSVTISLTSGSGSNRRPSTPQNPI
88	RHN39506.1	41	917	996	80	37.665	1140	1199	60	0.628	251	37.665	1140	1199	60	59.869	1097	1302	206	1302	95.464	87.789	MGPMGPPKLMPAMSLYMNRQQQQQHQQSQQQQHQQQLQLQQQQQHIQQQLQQQLQQQQQQ	GMSGSPQSSIASMSG	MQGVNKSNSVNNNPQ	GMSGSPQSSIASMSGARQMHPSSASLLSQSLSNRTNMSTLQRAMGPMGPPKLMPAMSLYMNRQQQQQHQQSQQQQHQQQLQLQQQQQHIQQQLQQQLQQQQQQETTSQLQAVVSPPQVGSPSTMGVSSLSQQTHQQASPQQMSQRTPMSPQQMSSGAIHGMNAGNPEGPASPQLSSQTLGSVSSITNSPMDMQGVNKSNSVNNNPQ	QLQLQQQQQHIQQQLQQQLQQ	65.3288	TLQRAMGPMGPPKLMPAMSLYMNRQQQQQHQQSQQQQHQQQLQLQQQQQHIQQQLQQQLQQQQQQETTSQLQAVVSPPQVGSPSTMGVSSLSQ
89	RHN38413.1	46	77	156	80	35.851	80	139	60	0.598	140	35.851	79	138	60	49.665	79	176	98	366	73.034	67.722	PNNNNNNNQNNLVNQLKNMQIDNGKGGGNNNNKGQNQNQKGSGNNNQPKGGQQIQLQGLN	PNNNNNNNQNNLVNQ	DLAQFKGMKMPPNQN	PNNNNNNNQNNLVNQLKNMQIDNGKGGGNNNNKGQNQNQKGSGNNNQPKGGQQIQLQGLNPQQQQQLQLQQQLQQLQQMKGFQDLAQFKGMKMPPNQN	NQNNLVNQLKNMQIDNGKGGG	69.6129	LIKKLAKSGKHAQLWSVPKPNNNNNNNQNNLVNQLKNMQIDNGKGGGNNNNKGQNQNQKGSGNNNQPKGGQQIQLQGLNPQQQQQLQLQQQLQQLQQMKGFQDLAQFKGMKMPPNQNAKGVKFDVPEDEDDFSDDEMDDFDDDEDDDEDFDDEFDDEMVGLPPNKMKPPSMPMGNG
90	RHN82363.1	38	473	552	80	34.43	494	553	60	0.574	260	34.43	494	553	60	56.877	492	751	260	751	67.795	56.833	QQHVQDPGYLLQQQFELQQQQQQFELQQQQQQPQHQPQQSQPQHQPQQQQQLQHHQQQQF	QVQQHVQDPGYLLQQ	PSDGMKQQIRTSQPL	QVQQHVQDPGYLLQQQFELQQQQQQFELQQQQQQPQHQPQQSQPQHQPQQQQQLQHHQQQQFIHGGHYIHHNPAIPTYYPVYPSQQQPHHQVYYVPARQPQQGYNISVQQANMGESATTIPSSRPQNPPNPTTLVQQNAAYNPIRSAPLPKTEMTAAAYRAATGGSPQFVQVPTSQHQQQYVTYSQIHHPSQSMAPNSAAPASYAYEYADPAQVYYSQPMAPTMPSQYQTMAAATMMQPEVPGQHPSDGMKQQIRTSQPL	GYLLQQQFELQQQQQQFELQQ	68.3866	PGTTRVSNPVDPKLNLSDPHSRIQVQQHVQDPGYLLQQQFELQQQQQQFELQQQQQQPQHQPQQSQPQHQPQQQQQLQHHQQQQFIHGGHYIHHNPAIPTYYPVYPSQQQPHHQVYYVPARQPQQGYNISVQQANMGESATTIPSSRPQNPPN
91	RHN57264.1	16	43	122	80	34.216	51	110	60	0.57	84	34.216	51	110	60	44.576	51	134	84	160	35.249	31.957	YGGGYNGGGYNHGGGYNGGGYNHGGGGYNNGGGYNHGGGGYNNGGGYNHGGGGYNGGGYN	YGGGYNGGGYNHGGG	GYNHGGGGYNHGGGG	YGGGYNGGGYNHGGGYNGGGYNHGGGGYNNGGGYNHGGGGYNNGGGYNHGGGGYNGGGYNHGGGGYNGGGYNHGGGGYNHGGGG	NDAKYGGGYNGGGYNHGGGYN	66.0136	VNDAKYGGGYNGGGYNHGGGYNGGGYNHGGGGYNNGGGYNHGGGGYNNGGGYNHGGGGYNG
92	RHN77874.1	35	240	319	80	33.188	128	187	60	0.553	321	33.188	128	187	60	96.101	1	321	321	911	133.142	127.072	SSGQGQGQGQQFSNPSGNQLLSDQQHSQQLDVQNFQHGQQQSAQQFSAPMNTQQHQQNQQ	MVPPGPPTPIGGSQS	QRSQLPQQFQQQNMP	MVPPGPPTPIGGSQSVSPSLMRSNSGMMGGQGGQASFPSLVSQRNQFNNMNNMNNMNMLGNMSNVASMMNQSFSNGIPNSGMSGMGSGQRSGMDAGAEQDPLSGVGNGMGFGNQSSSFGQSNVANPGSSGQGQGQGQQFSNPSGNQLLSDQQHSQQLDVQNFQHGQQQSAQQFSAPMNTQQHQQNQQHFQSMRGGIGGIGPVKMEPQGNNDQFGQHQLSSMRNLAQVKMEPQQLQSMRGMSAVKMEPQHNDQPFLHQQQQQQQQQQLLHMSRQTSQATAAQMNLLQQQRILQFQQQQQLLKSMPPQQRSQLPQQFQQQNMP	SQQLDVQNFQHGQQQSAQQFS	69.3263	GMGFGNQSSSFGQSNVANPGSSGQGQGQGQQFSNPSGNQLLSDQQHSQQLDVQNFQHGQQQSAQQFSAPMNTQQHQQNQQHFQSMRGGIGGIGPVKMEPQGNNDQFGQHQLS
93	RHN69024.1	28	121	200	80	28.874	141	200	60	0.481	67	28.874	141	200	60	31.181	134	200	67	220	22.601	18.828	SHPFYQQQLQQQQQQQQYQQHYNMYSGNVNTQVGGDHDNMFFQRIMSNPRPTNNDNNINN	PMNQAIMSHPFYQQQ	MSNPRPTNNDNNINN	PMNQAIMSHPFYQQQLQQQQQQQQYQQHYNMYSGNVNTQVGGDHDNMFFQRIMSNPRPTNNDNNINN	QQQLQQQQQQQQYQQHYNMYS	71.4285	PMNQAIMSHPFYQQQLQQQQQQQQYQQHYNMYSGNVNTQVGGDHDNMFFQRIMSNPRPTNNDNNINNVVSDHIHGGEGGFFPRTSSS
94	RHN73650.1	18	1	64	64	21.86	5	64	60	0.364	64	21.86	5	64	60	20.85	1	64	64	64	16.906	16.533	RNNDMGYSDPPPNANNSRNTNPPISNQGKSLGYSSPPPNANNGSQRSQTIRAQNQSYSNT	MSTIRNNDMGYSDPP	RSQTIRAQNQSYSNT	MSTIRNNDMGYSDPPPNANNSRNTNPPISNQGKSLGYSSPPPNANNGSQRSQTIRAQNQSYSNT	ANNGSQRSQTIRAQNQSYSNT	67.9089	MSTIRNNDMGYSDPPPNANNSRNTNPPISNQGKSLGYSSPPPNANNGSQRSQTIRAQNQSYSNT
95	RHN70342.1	29	34	113	80	20.279	34	93	60	0.338	130	20.279	34	93	60	34.085	34	163	130	537	23.672	20.205	QNQNQNNNHNQNPFMSQIENPNQTLEQAFSRLSVANPNPNQSFGYGVANNLNDYDYSGLG	QNQNQNNNHNQNPFM	YNHLNGGIGGGGYGN	QNQNQNNNHNQNPFMSQIENPNQTLEQAFSRLSVANPNPNQSFGYGVANNLNDYDYSGLGVSVNPYYNYNYGIQLSNPSQPDFNRPVRNNNNIAYGRGISSPSPRLSSYDVNQIRYNHLNGGIGGGGYGN	SQWFSYIASLTQNQNQNNNHN	71.6993	NDSVDNGDSPLSPRSQWFSYIASLTQNQNQNNNHNQNPFMSQIENPNQTLEQAFSRLSVANP
96	RHN46037.1	23	257	336	80	19.619	289	348	60	0.327	60	19.619	289	348	60	19.619	289	348	60	348	14.575	11.184	NQSRQFLGMINNNNNNNNNNPNSEQFWSSSAGGGANNSPWTDLSTAYNSSSATTNSNYRT	NQSRQFLGMINNNNN	AYNSSSATTNSNYRT	NQSRQFLGMINNNNNNNNNNPNSEQFWSSSAGGGANNSPWTDLSTAYNSSSATTNSNYRT	MEENQSRQFLGMINNNNNNNN	67.5744	VLSNNSSVKMEENQSRQFLGMINNNNNNNNNNPNSEQFWSSSAGGGANNSPWTDLSTAYNSSSATTNSNYRT
97	RHN54120.1	23	300	379	80	19.371	274	333	60	0.323	83	19.371	274	333	60	20.028	267	333	67	751	32.082	19.225	GGSFMYNNYNIQGGSGGPSSSTYPYKLNHQQALNLQLQGGGTINGYQLLQSHNQGQGYGS	MGGGGGDGGSFMYNN	YQLLQSHNQGQGYGS	MGGGGGDGGSFMYNNYNIQGGSGGPSSSTYPYKLNHQQALNLQLQGGGTINGYQLLQSHNQGQGYGS	WYGNNNRQGIQQHQQQISSIN	72.9734	ELLETATFRSSSSSSSRQLPQTTASENDWYGNNNRQGIQQHQQQISSINVADDSAAAMQLFLMNPS
98	RHN39593.1	29	268	347	80	17.324	268	327	60	0.289	109	17.324	268	327	60	27.061	268	376	109	728	16.698	13.393	NQSQQSQPQLFLQPQPTQPQRRLQPQPTQPQAPPQLRRKPQPTQGRSQRQLDLQPQPTQP	NQSQQSQPQLFLQPQ	PPPPPQSRIQPIMSQ	NQSQQSQPQLFLQPQPTQPQRRLQPQPTQPQAPPQLRRKPQPTQGRSQRQLDLQPQPTQPQLQPQLRMRPQPTQPRPQPQIRLQPQPTQHTSPPPPPPPQSRIQPIMSQ	LSLKSKHNMSQDCFNDVIKFM	63.9114	MLSLKSKHNMSQDCFNDVIKFMRESNHTENVTPSNSRGTKRTMQPTKISRKKKCAQTHAPLIIPSDTVQTHANQATQPPPRTKPRTKFNRPRPPKALTRLQLRNQSQQSQPQLFLQPQPTQPQRRLQPQPTQPQAPPQLRRKPQPTQGRSQRQLDLQPQPTQPQLQPQLRMRPQPTQPRPQPQIRLQPQPTQHTSPPPPPPPQSRIQPIMSQTIPTQDLEWQDFAMINETPSSTTSHSSEESS
99	RHN63927.1	22	556	635	80	18.864	568	627	60	0.314	88	17.156	13	72	60	21.653	13	100	88	671	24.981	18.906	QNRPSQQLYVPQFRSNPNNNNIHPSPYYNNNRTHFPSNDSPHYNTFNRPTPRPTRGRGGY	QNRPSQQLYVPQFRS	RPEQQQPRYYDPSQN	QNRPSQQLYVPQFRSNPNNNNIHPSPYYNNNRTHFPSNDSPHYNTFNRPTPRPTRGRGGYGFGHSPAPPRHYSRPEQQQPRYYDPSQN	VQNYNYNGTYNNGDHAANSYT	74.1678	SAPGGRSSVGSQRSPWRGNYGGRDFRNATEPGMVENYNSYNSNYSNYGDNGYHNVPEQVQNYNYNGTYNNGDHAANSYTDASLDVTNSNNDCSFDNTNTVVAG
100	RHN53686.1	23	1	80	80	16.446	258	317	60	0.274	68	16.446	258	317	60	14.854	258	325	68	325	18.407	12.692	QQLQGGGGGGSPSGGGGGVQQQQQQLLGDSTAPLFQAMHPPNSNPNLNPNLLGQMPSDNF	QQLQGGGGGGSPSGG	QMPSDNFWPTGRSPY	QQLQGGGGGGSPSGGGGGVQQQQQQLLGDSTAPLFQAMHPPNSNPNLNPNLLGQMPSDNFWPTGRSPY	QQQQQQHHQFHTLQQQQQTTD	62.4303	MDQITSHGHSLPPPFHTARDLHLHHQHQQQQQQQQHHQFHTLQQQQQTTDQDEQSGSSSGGGLNLTNREENSNNKFSTDFSPKLESGGGGSGGDTDSMTRRP
101	RHN43851.1	14	68	147	80	16.402	573	632	60	0.273	102	16.402	573	632	60	20.553	573	674	102	804	11.841	6.944	NMQYSNPNSIGLPMPPPRPGMHMMQSLRPAPPPPMQMPGGQHSMMGGQPPPMHPSISMNN	NMQYSNPNSIGLPMP	SGMMPMMHPPPPPQG	NMQYSNPNSIGLPMPPPRPGMHMMQSLRPAPPPPMQMPGGQHSMMGGQPPPMHPSISMNNQGIPIPPPPGSQFTPVPRPYAPHPHPSSGMMPMMHPPPPPQG	NQAMSQNIGSEDQNDAYNNES	69.5811	IFGTTEEEVSNAVKAEIEKKNDEQPKQVIWDGHSGSIGRTANQAMSQNIGSEDQNDAYNNESKNLPGPAAPPP
102	RHN79644.1	28	22	101	80	16.541	26	85	60	0.276	69	15.823	34	93	60	23.209	27	95	69	496	28.431	21.203	QQNLPNQQQQNPHQLHHSQVVSYAPQHHDTDTNQHHHHSMKHGFPPFSSSKNKQQQQSSQ	QQQQQQKQQNLPNQQ	SSSKNKQQQQSSQMS	QQQQQQKQQNLPNQQQQNPHQLHHSQVVSYAPQHHDTDTNQHHHHSMKHGFPPFSSSKNKQQQQSSQMS	QQQNQQHCFHSSENGVGSLGV	61.3154	GHGGVATSNVQHQVEGGSGTTTPPQNQPQQQHQHQHQQQNQQHCFHSSENGVGSLGVSRGEGLRMLKIGSGYVEEEDDEDEEDESEDF
103	RHN60865.1	20	393	472	80	14.637	198	257	60	0.244	310	14.637	198	257	60	21.787	1	310	310	658	26.391	18.21	NFGGNSGSGALGMQGQNRLMSSVLPQGSPQGISMQGNSYPSAGGALSQSHIHAVNNMNTM	MSGFLNSSLNGSASN	LRNQGLGISPIGQQN	MSGFLNSSLNGSASNLQDSAGRSFATSFSSQSGAASPIFHHTGAIQGLHNIHGSFNVPNMPGTLTPRNSTINNIPSGGVQQQAGNLSSGRFASNNLPVALSQLSHGSSHGHSGVTNRGGTSVVGNPGFNSGTNGVGGSIPGFPASIGNRNAVPGLGVSPILGNAGSRITSSVGNMIGGGNIGRTGGGLSVPGLGSRLNFGGNSGSGALGMQGQNRLMSSVLPQGSPQGISMQGNSYPSAGGALSQSHIHAVNNMNTMRMFNDVNSNDSSPFDLNDFPQLSSRPSSAGGSQGQLGSLRNQGLGISPIGQQN	MHQKEQLHDNASSMMQSQHFS	61.6817	GQQNHEFSIQNEDFPALPGFKGGNADYDMDMHQKEQLHDNASSMMQSQHFSQMGRSAGFSL
104	RHN76966.1	31	22	101	80	14.944	48	107	60	0.249	101	14.575	18	77	60	19.512	1	101	101	438	12.882	10.199	TDQTNNNNNNSFRSILPDSPDPNSKPDSDPNNQLQTTPNWLNNAILRTHYTDNNNNNNNN	MAYQNQHLSQELPIQ	DSDGNGASNFLNLQQ	MAYQNQHLSQELPIQHFTDQTNNNNNNSFRSILPDSPDPNSKPDSDPNNQLQTTPNWLNNAILRTHYTDNNNNNNNNDDVTNNVNNDSDGNGASNFLNLQQ	VTNNVNNDSDGNGASNFLNLQ	72.177	MAYQNQHLSQELPIQHFTDQTNNNNNNSFRSILPDSPDPNSKPDSDPNNQLQTTPNWLNNAILRTHYTDNNNNNNNNDDVTNNVNNDSDGNGASNFLNLQQTSDTVQTTGQWLA
105	RHN73070.1	19	20	99	80	14.546	24	83	60	0.242	77	14.546	24	83	60	14.374	24	100	77	100	7.116	5.86	NSNHGTANSFNNHGNGKQDFSRAKINSGANSGDRNRYHTANNYGGRTINNRGSTFNGHGN	NSNHGTANSFNNHGN	IIDGDFNASTTNYNH	NSNHGTANSFNNHGNGKQDFSRAKINSGANSGDRNRYHTANNYGGRTINNRGSTFNGHGNGSIIDGDFNASTTNYNH	YHTANNYGGRTINNRGSTFNG	67.877	MSNRLLQSLRKLLETEEGADELFNSNHGTANSFNNHGNGKQDFSRAKINSGANSGDRNRYHTANNYGGRTINNRGSTFNGHGNGSIIDGDFNASTTNYNH
106	RHN76270.1	30	112	191	80	13.981	126	185	60	0.233	67	13.981	126	185	60	17.517	126	192	67	300	12.636	9.003	QSQQHQQQFAAVSNHHYNDMHVINHNNNEDNDAALNIINHFNQQHFVDDQLNMNMLPQQQ	QSQQHQQQFAAVSNH	MNMLPQQQLQLQQQY	QSQQHQQQFAAVSNHHYNDMHVINHNNNEDNDAALNIINHFNQQHFVDDQLNMNMLPQQQLQLQQQY	DMHVINHNNNEDNDAALNIIN	71.3011	RQQISICKATQSQQHQQQFAAVSNHHYNDMHVINHNNNEDNDAALNIINHFNQQHFVDDQLNMNM
107	RHN78205.1	25	267	346	80	13.529	266	325	60	0.225	185	13.529	266	325	60	23.674	263	447	185	525	15.103	8.75	SSSFGQQQQQQSMSSSPFFITDPNQTFQQDLHQGQFSNKQLHLHHGLMQLPDLQGNTNNN	QSSSSSFGQQQQQQS	NTSIYDNNNLGQFHN	QSSSSSFGQQQQQQSMSSSPFFITDPNQTFQQDLHQGQFSNKQLHLHHGLMQLPDLQGNTNNNTTSSSVSPFNLSFFPNTNGNNTMHDQFNNISESHHHQHHEGFSSLFGNSSMQQQENMLSSPHMSATALLQKAAQIGSTTTTINNNNGVESDEQHQHLHGLMNSLGNGNTSIYDNNNLGQFHN	FNNISESHHHQHHEGFSSLFG	70.4252	SFGQQQQQQSMSSSPFFITDPNQTFQQDLHQGQFSNKQLHLHHGLMQLPDLQGNTNNNTTSSSVSPFNLSFFPNTNGNNTMHDQFNNISESHHHQHHEGFSSLFGNSSMQQQ
108	RHN71788.1	15	13	92	80	15.27	16	75	60	0.254	67	13.273	8	67	60	15.521	1	67	67	314	8.904	6.985	CSGSDYGENNFNSYTFNYDYAQVPSFMTYNSYDYNQPNYAYDSSLYFAPSNNYPDHSYNQ	MAYYYSSCSGSDYGE	YFAPSNNYPDHSYNQ	MAYYYSSCSGSDYGENNFNSYTFNYDYAQVPSFMTYNSYDYNQPNYAYDSSLYFAPSNNYPDHSYNQ	SGSDYGENNFNSYTFNYDYAQ	67.6222	SCSGSDYGENNFNSYTFNYDYAQVPSFMTYNSYDYNQPNYAYDSSLYFAPSNNYPDHSYNQTI
109	RHN57621.1	22	27	106	80	12.2	169	228	60	0.203	202	12.2	169	228	60	17.315	27	228	202	425	8.954	2.165	SYHANLAQNSSSNTVGSQGFSNWSRNSSRPMIRNQRNHRYLPYGEGSNRRNSSFLMNNSN	QTRNNHQSENGYLTP	GSNRRNSSFLMNNSN	QTRNNHQSENGYLTPPQTMLQRPQNYHLMGVDNSSTNGFTHHVPHYCQTHRNHQSTNGYLTTPQLERPQNHFMGVNNFNQECYQRNNSVDAATLPMRNFPFSANDTTSFITSSRYGRALPLGSGLTSSPQQHMSSPNTTLLPSYHANLAQNSSSNTVGSQGFSNWSRNSSRPMIRNQRNHRYLPYGEGSNRRNSSFLMNNSN	NHFMGVNNFNQECYQRNNSVD	64.3255	MVNNFWAFRREIAENNDNNRPVEPDTQTRNNHQSENGYLTPPQTMLQRPQNYHLMGVDNSSTNGFTHHVPHYCQTHRNHQSTNGYLTTPQLERPQNHFMGVNNFNQECYQRNNSVDAAT
110	RHN60613.1	23	117	196	80	12.315	137	196	60	0.205	97	11.699	145	204	60	14.771	145	241	97	320	7.313	1.742	NFQESNMSFDNSEGNHFQPYPHQPQLFNNINVQYQPITQSQEYYYPMNGSDQLVTGSSST	NFQESNMSFDNSEGN	NNHILNGFPSSQTNG	NFQESNMSFDNSEGNHFQPYPHQPQLFNNINVQYQPITQSQEYYYPMNGSDQLVTGSSSTQKDVSNLSVPFNLTNPTFPMNDNNHILNGFPSSQTNG	NIGENYFQHKIDFDNEIITTS	68.737	HNENLSVNNRGKNIGENYFQHKIDFDNEIITTSRNLYPYSNFYEVHRDEFKSFIQHITGNQSNSPKP
111	RHN63615.1	18	101	180	80	11.593	119	178	60	0.193	98	11.593	119	178	60	19.525	84	181	98	583	8.917	6.213	QQHHSEFNSPFHDPNFHHFQPQPVDNHIHNHNFNARESHHPYPYPNPYPNGSNNGFSDNN	NPPQFQHPPPPPPPQ	PNGSNNGFSDNNAQM	NPPQFQHPPPPPPPQYHPPPPPPPPHIHNTPIYHPQQHHSEFNSPFHDPNFHHFQPQPVDNHIHNHNFNARESHHPYPYPNPYPNGSNNGFSDNNAQM	NGSNNGFSDNNAQMEASRFYR	63.9592	PPPPHIHNTPIYHPQQHHSEFNSPFHDPNFHHFQPQPVDNHIHNHNFNARESHHPYPYPNPYPNGSNNGFSDNNAQMEASRFYRPPLPTSPP
112	RHN41120.1	14	411	490	80	10.755	423	482	60	0.179	69	10.755	423	482	60	9.558	423	491	69	491	3.442	0.807	MASSSYYFQTMQADRFSASPNTRNGRTQGAFTRNGQQQRSLSISHGTHASPFHHQYPQNS	MASSSYYFQTMQADR	QYPQNSPKPTGKAQS	MASSSYYFQTMQADRFSASPNTRNGRTQGAFTRNGQQQRSLSISHGTHASPFHHQYPQNSPKPTGKAQS	TQGAFTRNGQQQRSLSISHGT	65.8544	QTMQADRFSASPNTRNGRTQGAFTRNGQQQRSLSISHGTHASPFHHQYPQNSPKPTGKAQS
113	RHN69391.1	24	103	182	80	12.198	28	87	60	0.203	153	9.861	35	94	60	17.273	35	187	153	460	14.613	3.339	NNQQPPTTRINHVLNTPSHPSSSLPQQQMFDPLVNYYMDSLQKASPSSNQNQNSFLNLDM	NNQQPPTTRINHVLN	NDQQNLNNNNMGRNP	NNQQPPTTRINHVLNTPSHPSSSLPQQQMFDPLVNYYMDSLQKASPSSNQNQNSFLNLDMMWAKATGRSEPNNTDLSSLMVPSSSSQQNHQQQQAFLLSQLAAGQTRENVASSVHTTHQQQHHSLPQESTSRGGISLTNDQQNLNNNNMGRNP	RGGISLTNDQQNLNNNNMGRN	63.131	AAGQTRENVASSVHTTHQQQHHSLPQESTSRGGISLTNDQQNLNNNNMGRNPKKRSRASRRAPTTVLTTDTTNFRAMVQ
114	RHN48219.1	21	160	239	80	7.969	187	246	60	0.133	68	7.033	161	220	60	13.954	161	228	68	291	4.938	1.511	NNNNNNSSKLNTQQFMYETTPPSLTLMSSSPTNYQTIPSGYNKLDSFSSPMTTLHHLNPN	NNNNNNSSKLNTQQF	LHHLNPNQNNSSMMN	NNNNNNSSKLNTQQFMYETTPPSLTLMSSSPTNYQTIPSGYNKLDSFSSPMTTLHHLNPNQNNSSMMN	YGFLWNMDLEENSLEDGVASN	72.4796	PMTTLHHLNPNQNNSSMMNLLQYSRETNPNDNSTVTQISSKGDDGYGFLWNMDLEENSLEDGVASNLDAIR
115	RHN68102.1	22	159	238	80	6.916	159	218	60	0.115	84	6.916	159	218	60	9.951	159	242	84	242	4.988	1.161	NGQGQGQTQTQTQMVASTMVANPVPKIEENGQGSHGQHVLDMNMDVMQKQHFFMNLMNNG	NGQGQGQTQTQTQMV	NVNPPNGFWPNPFFR	NGQGQGQTQTQTQMVASTMVANPVPKIEENGQGSHGQHVLDMNMDVMQKQHFFMNLMNNGGGDQAPPMGNVNPPNGFWPNPFFR	NREKEMTQLMFQYLSADQVMH	60.6943	KFRKMPELEQSKKMVNQESFLRQRIQKAKDQLTKQRKDNREKEMTQLMFQYLSADQVMHNI
116	RHN80752.1	40	453	532	80	56.981	473	532	60	0.95	171	56.981	473	532	60	92.035	388	558	171	577	108.908	97.931	QGMQQMQPNPYHQQQQQHQQQQQQQQYMAMMMQQQQQQQMQQQLQQQQMQQGNMNNMYPQ	GGNGNGNGKGAPAKG	SMNYMGPPPMPSHPM	GGNGNGNGKGAPAKGNANNGHGSNNNGNGGHMGPMGQMGAMNQMAAMNRMGPMGQMGSMDQMRSMPAVQGLPAGAAAAAMNGGYYQGMQQMQPNPYHQQQQQHQQQQQQQQYMAMMMQQQQQQQMQQQLQQQQMQQGNMNNMYPQHMMYGGGRPHPSMNYMGPPPMPSHPM	QQQQQMQQQLQQQQMQQGNMN	60.8695	AAAMNGGYYQGMQQMQPNPYHQQQQQHQQQQQQQQYMAMMMQQQQQQQMQQQLQQQQMQQGNMNNMYPQHMMYGGGRPHPSMNYMGPPPMPSHPM
117	RHN39304.1	51	18	97	80	48.199	38	97	60	0.803	81	48.199	38	97	60	60.454	17	97	81	196	51.167	47.856	YLQQQQQFLHQQQQQPFQQSQTTQSQFQQQQQQQLYQQQQQQRILQQQQQQLQQPQQQQN	PNSNPQIQSQSQSQS	QQQQQQLQQPQQQQN	PNSNPQIQSQSQSQSNQDPNLYLQQQQQFLHQQQQQPFQQSQTTQSQFQQQQQQQLYQQQQQQRILQQQQQQLQQPQQQQN	QNLHQSLASHFHLLNLVENLA	69.9792	MEHYSSPGGTWTMIPTPNSNPQIQSQSQSQSNQDPNLYLQQQQQFLHQQQQQPFQQSQTTQSQFQQQQQQQLYQQQQQQRILQQQQQQLQQPQQQQNLHQSLASHFHLLNLVENLAEVVE
118	RHN46904.1	39	29	108	80	46.716	21	80	60	0.779	80	46.716	21	80	60	51.784	1	80	80	513	43.709	42.799	GGGGGLTSNSNTGFQQRPHHQYQQQQQYVQRHMMQNQHQQHYQNQQQNQQQNQQQQQQQQ	MNNNNRGRYPPGIGL	QQNQQQNQQQQQQQQ	MNNNNRGRYPPGIGLGRGGSGGGGGLTSNSNTGFQQRPHHQYQQQQQYVQRHMMQNQHQQHYQNQQQNQQQNQQQQQQQQ	NQQQNQQQQQQQQWLRRNQLG	66.0455	MNNNNRGRYPPGIGLGRGGSGGGGGLTSNSNTGFQQRPHHQYQQQQQYVQRHMMQNQHQQHYQNQQQNQQQNQQQQQQQQWLRRNQLGGGTDTNVVEEVEKTVQSEANDSSSQDWKARLKLPPADTRYRTEDVTATKGNEFEDYFLKRELLMGIY
119	RHN40260.1	34	1	80	80	41.831	8	67	60	0.697	179	41.831	8	67	60	46.493	1	80	80	745	102.648	99.276	NPQHQQHQQHQQQQQQQQQQYQQHQQQQQPPHFHHQQQQQQSGPGPDFHRGPPPPMPQQP	MMYNDPHNPQHQQHQ	QPPPMMRQPSASSTN	MMYNDPHNPQHQQHQQHQQQQQQQQQQYQQHQQQQQPPHFHHQQQQQQSGPGPDFHRGPPPPMPQQPPPMMRQPSASSTN	HQQHQQHQQQQQQQQQQYQQH	66.0455	MMYNDPHNPQHQQHQQHQQQQQQQQQQYQQHQQQQQPPHFHHQQQQQQSGPGPDFHRGPPPPMPQQPPPMMRQPSASSTNLGSEFLPGGPPGPPGPPPHYDVHNDSHGAKRMRKLTQRKAVDYTSTVVRYMQIRMSQR
120	RHN64114.1	46	77	156	80	35.782	79	138	60	0.596	102	35.782	79	138	60	49.619	79	176	98	378	57.029	51.193	PNNNNNNNQNNLVNQLKNMQIDNGKGGGNNNNKGQNQNQKGSGNNNQPKGGQQIQLQGLN	PNNNNNNNQNNLVNQ	DLAQFKGMKMPPNQN	PNNNNNNNQNNLVNQLKNMQIDNGKGGGNNNNKGQNQNQKGSGNNNQPKGGQQIQLQGLNPQQQQQLQLQQQLQQLQQMKGFQDLAQFKGMKMPPNQN	NQNNLVNQLKNMQIDNGKGGG	69.6129	LIKKLAKSGKHAQLWSVPKPNNNNNNNQNNLVNQLKNMQIDNGKGGGNNNNKGQNQNQKGSGNNNQPKGGQQIQLQGLNPQQQQQLQLQQQLQQLQQMKGFQDLAQFKGMKMPPNQNAKGVKFDVPEDEDDFSDDEMDDFDDDEDDDEDFDDEFDDEMVGLPPNKMKPPSMPMGNG
121	RHN70449.1	24	130	209	80	33.679	144	203	60	0.561	341	33.679	144	203	60	114.697	55	395	341	403	100.326	96.899	YNQQPQQQQNPGGPSQPADGSAYSYSQPPSSGYSQPGQGYGQESYGAYNAQQQSGYGQPQ	NSGNSGGYTQQGYQS	YASDGATAQAVPQGG	NSGNSGGYTQQGYQSRPPSSWAPPAAPVQQAGYGYGQPGSYSGPSPQYNTPQPPYTGYPPQQPGGYSANWDQSTAPSHQQSTHASGYDYYNQQPQQQQNPGGPSQPADGSAYSYSQPPSSGYSQPGQGYGQESYGAYNAQQQSGYGQPQTYDQQQGYGSAPSYGSGSNPTQEGHTSNYGSQADTSQTSQPTTVAQQGYATNQQGTPQPGYAVAPTSQATYGSQPQSGYGTGYGAPPSQKPSANPPVYGQSQSPSTAAGYGQSAYPSSQAPPSGYAQPELGTQRAPVQPGYGPQSYGAPQGGQPSYGQTPASYGNSSYGAGYAQAPAYASDGATAQAVPQGG	GQGYGQESYGAYNAQQQSGYG	72.1293	PDQIESAKQLVNQILTGENRLRNSGNSGGYTQQGYQSRPPSSWAPPAAPVQQAGYGYGQPGSYSGPSPQYNTPQPPYTGYPPQQPGGYSANWDQSTAPSHQQSTHASGYDYYNQQPQQQQNPGGPSQPADGSAYSYSQPPSSGYSQPGQGYGQESYGAYNAQQQSGYGQPQTYDQQQGYGSAPSYGSGSNPTQEGHTSNYGSQADTSQTSQPTTVAQQGYATNQQGTPQPGYAVAPTSQATYGSQPQSGYGTGYGAPPSQKPSANPPVYGQSQSPSTAAGYGQSAYPSSQAPPSGYAQPELGTQRAPVQPGYGPQSYGAPQGGQPSYGQT
122	RHN57261.1	14	38	117	80	32.939	65	124	60	0.549	105	32.939	58	117	60	48.915	50	154	105	229	45.138	38.27	NHGGGGYNGGGYNHGGGGYNNGGGGYNHGGGGYNNGGGGYNHGGGGYNGGGYNHGGGGYN	YGGYGGGYNHGGGGY	GGGGYNGGGGHGGHG	YGGYGGGYNHGGGGYNGGGYNHGGGGYNNGGGGYNHGGGGYNNGGGGYNHGGGGYNGGGYNHGGGGYNHGGGGYNHGGGGYNGGGGHGGHGGGGYNGGGGHGGHG	GYNNGGGGYNHGGGGYNNGGG	61.6658	NHGGGGYNGGGYNHGGGGYNNGGGGYNHGGGGYNNGGGGYNHGGGGYNGGGYNHGGGGYN
123	RHN46638.1	35	540	619	80	32.9	557	616	60	0.548	260	32.9	557	616	60	66.747	428	687	260	731	55.306	50.177	NEQYQPQPHLQSQPQHHPHLQPQPQLQTQSQNPRQHQPQPQRPMQLQSQQYQQQPQLQNQ	YAPSSASSQGGMHHQ	FSSPGVDPRGGNSGQ	YAPSSASSQGGMHHQIPTPSSTESYSYAPQAYPGNSPYNSYVAPWAQPQSKSEFQTQQPQQHMYQPQPTTPPSPQQHMYQPQPTTPPSPQQLHAHHESEQALRHQQAQSELLQSQNQHLPYSPHQVHPHNEQYQPQPHLQSQPQHHPHLQPQPQLQTQSQNPRQHQPQPQRPMQLQSQQYQQQPQLQNQHVQYPARYPPPPWAATPGYANYQSHSQNAISTSQGNTATASYPPALGVRPSQHNQSFSSPGVDPRGGNSGQ	HESEQALRHQQAQSELLQSQN	60.5351	HHQIPTPSSTESYSYAPQAYPGNSPYNSYVAPWAQPQSKSEFQTQQPQQHMYQPQPTTPPSPQQHMYQPQPTTPPSPQQLHAHHESEQALRHQQAQSELLQSQNQHLPYSPHQVHPHNEQYQPQPHLQSQPQHHPHLQPQPQLQTQSQNPRQHQPQPQRPMQLQSQQYQQQPQLQNQHVQYPARYPPPPWAATPGYANYQSHSQNAISTSQGN
124	RHN58484.1	37	182	261	80	31.431	182	241	60	0.524	237	31.431	182	241	60	80.195	27	263	237	285	68.332	64.513	QNQQQILYQQQLMNYNLSHMQQQQHQQQQNILQANQLKSSQQSVMQTSSAMQSSLQQQQI	SQFFNPGQQHPNPLP	KHKLSQMLQQQHQQQ	SQFFNPGQQHPNPLPSQHQLSQTIQNNAAPQPNLPSVSALPQIPIQNISQNSNTQQPGQDSMSNTIGQNSNVQSMFPDSQRQMPSRQQVVLQQQQQQSLNQQQILHQQQLLNYKLPQIGQNLLQPNQLQSSQQSAMQTSLAMQPLMMQSSLSRLLQNQQQILYQQQLMNYNLSHMQQQQHQQQQNILQANQLKSSQQSVMQTSSAMQSSLQQQQILYQHQLLKHKLSQMLQQQHQQQ	QQQQSLNQQQILHQQQLLNYK	75.8401	NNAAPQPNLPSVSALPQIPIQNISQNSNTQQPGQDSMSNTIGQNSNVQSMFPDSQRQMPSRQQVVLQQQQQQSLNQQQILHQQQLLNYKLPQIGQ
125	RHN78664.1	31	33	112	80	26.686	53	112	60	0.445	60	26.686	53	112	60	26.686	53	112	60	415	15.557	14.272	NNNNSSYTLNNISQALDLDNNINSNNNSNSNSTATTTSTTSPTTNNVNNINTTNTNNNNN	NNNNSSYTLNNISQA	NVNNINTTNTNNNNN	NNNNSSYTLNNISQALDLDNNINSNNNSNSNSTATTTSTTSPTTNNVNNINTTNTNNNNN	NNVNNINTTNTNNNNNLSIIF	80.9205	PNLFQDSLQQNSDVTSSSNCCHEENNNNSSYTLNNISQALDLDNNINSNNNSNSNSTATTTSTTSPTTNNVNNINTTNTNNNNNLSIIFDSQE
126	RHN72578.1	27	27	106	80	25.957	47	106	60	0.433	72	25.957	47	106	60	29.406	45	116	72	374	20.7	16.803	NNNNTNANNTTGLFLPIPNSTNNNNNHYTNCNNNTSSIMLQNNHQNTPGLGYYFMDNINN	NSNNNNTNANNTTGL	DNINNHGSSSSSSSS	NSNNNNTNANNTTGLFLPIPNSTNNNNNHYTNCNNNTSSIMLQNNHQNTPGLGYYFMDNINNHGSSSSSSSS	NSTNNNNNHYTNCNNNTSSIM	68.8007	NNNTNANNTTGLFLPIPNSTNNNNNHYTNCNNNTSSIMLQNNHQNTPGLGYYFMDNINNH
127	RHN82045.1	30	888	967	80	25.757	880	939	60	0.429	352	25.757	880	939	60	47.388	799	979	181	1554	86.983	71.864	YPSQMIHPSQIQSQQPPAQSQQSQQGHPNTTISTGSSSSQKHAQNQQQKANNASGSNGGG	SNGPPSSTTNSAPPN	RQQLHNHHTSNAARQ	SNGPPSSTTNSAPPNTSGAGAAAPAPPTMSFTYPNMSGNETQYMAILQNNAYPFPIPAHVGGPPGYRGNPAQAFPFFNGSFYPSQMIHPSQIQSQQPPAQSQQSQQGHPNTTISTGSSSSQKHAQNQQQKANNASGSNGGGSGSLQGFPVTKNPQSQILQLQQQQHRQQLHNHHTSNAARQ	QQQHQQISKQNLQQAQMFFSN	74.5819	RVTNTSLSPQTMASPPSSSVKNPPQQQARSQQGHTQISFAANPKSSTPQVQTASSTQSPSPPVMVGSPTNSSMSKNTGSPRTTNSTSTNNKTSQTSSLSSQQPKNSPTMPTRKSSPVGGRNVPSILSGPQITSSNTGSKSQLSQQQQKQQQQQHQQISKQNLQQAQMFFSNPYMHSQVTQSNSPTSTTSATTGPYYLQRRGPEQQMQRQGSGGTSSNGAAANNSKGSTLNTQG
128	RHN60058.1	39	6	85	80	24.038	8	67	60	0.401	105	23.745	44	103	60	45.589	9	113	105	354	36.088	32.372	QQQQQQQAAAISRFPSNIDAHLRPIRPPLNLQQNPNPNPNSNPILNLHQNPNSNHQQQQQ	QQQQQQQQQQQQLLI	QQQQQQKMIRPGNQM	QQQQQQQQQQQQLLIQEQQRQQQQQHFMLLQQLQKQQQQQQQAAAISRFPSNIDAHLRPIRPPLNLQQNPNPNPNSNPILNLHQNPNSNHQQQQQQKMIRPGNQM	QQQQQLLIQEQQRQQQQQHFM	68.1318	MEEAKALHQQQQQQQQQQQQLLIQEQQRQQQQQHFMLLQQLQKQQQQQQQAAAISRFPSNIDAHLRPIRPPLNLQQNPNPNPNSNPILNLHQNPNSNHQQQQQQKMIRPGNQMELQMAYQDAWRV
129	RHN82286.1	22	39	118	80	22.974	289	348	60	0.383	114	22.974	289	348	60	34.449	235	348	114	374	31.05	23.511	MLMNMNGFNNHPSSLMNMQARHAMQQQPQMMYHRSPFVPPNTGYHYNYNNYIPANYSYAN	GAMMNLAGFNGNNNN	YNYNNYIPANYSYAN	GAMMNLAGFNGNNNNGAGSATVVGGNSNGLGGFPAGSTASIPNGGFVTGQYPPSMLMNMNGFNNHPSSLMNMQARHAMQQQPQMMYHRSPFVPPNTGYHYNYNNYIPANYSYAN	KLVRSGKYAELWSQKTNNNQN	66.2685	LIKKLVRSGKYAELWSQKTNNNQNQKQKNNNNVKDDKNRGQKQGLVKGLEVFKNQQKFPAFSSEEDDEYYEYDEDEEEEDEEMRFIRERTNHLQMLKQANDANNVKKGIIAKMNNAGNGNSGKKGNPNQNMVMKEGANGIDQKTLAAM
130	RHN56011.1	21	320	399	80	22.356	301	360	60	0.373	125	22.356	301	360	60	32.891	301	425	125	512	21.23	19.132	NMSSNTPPPYNQFMTPPPTNFDQTFNPSTNYNYNQTYQSPPQPTNQILHNTPIPYPSYSQ	NMSSNTPPPYNQFMT	QTTYAPQWPNSQTNP	NMSSNTPPPYNQFMTPPPTNFDQTFNPSTNYNYNQTYQSPPQPTNQILHNTPIPYPSYSQQSHHGESSRTSNYSFDDYNPTQHTTQTSYSDQSQYSSFNLPTPPHFVNYPQTTYAPQWPNSQTNP	IESLAAGFNDDDFVNEIWTNL	71.7311	MSSNTPPPYNQFMTPPPTNFDQTFNPSTNYNYNQTYQSPPQPTNQILHNTPIPYPSYSQQSHHGESSRTSNYSFDDYNPTQHTTQTSYSDQSQYSSFNLPTPPHFVNYPQTTYAPQWPNSQTNPIESLAAGFNDDDFVNEIWTNLASQVQNEVAMETNDDVEILDENVEQEEHEEEEEEEQHQRPVQNKKDKLCATGGHSLHWRNWFPRRK
131	RHN46012.1	17	125	204	80	19.716	175	234	60	0.329	247	19.716	175	234	60	25.445	118	364	247	364	17.438	13.402	RGGYGYQGGYGNYQGGYGYYQGGYANYQENGGYSNRGRGGGRGRGWGYRGGYGGGRGGGY	NTNSPGYQAPSTAEQ	GRMDGRGGRGGDNQA	NTNSPGYQAPSTAEQSKPHSNYQQQPLKPAQDSYNAVNEDSYGRGRGRGRGRGRNWGRGGYGYQGGYGNYQGGYGYYQGGYANYQENGGYSNRGRGGGRGRGWGYRGGYGGGRGGGYEGGRGGGGYEGGRGGYEGGRGGGYEGGRGGGYGGRGGGYEGGRGGGYGGGRGGGYGGGRGGGYEGGRGMGYEGGRGGGMGYVGGRGGGGMGYEGGRGGGMGYERGRGGKGYGRGRGRMDGRGGRGGDNQA	RGGYGYQGGYGNYQGGYGYYQ	72.7026	HSNYQQQPLKPAQDSYNAVNEDSYGRGRGRGRGRGRNWGRGGYGYQGGYGNYQGGYGYYQGG
132	RHN40604.1	22	630	709	80	19.622	660	719	60	0.327	107	19.622	660	719	60	20.87	613	719	107	822	12.486	7.146	PSQPQNRSYRTSILNQYTNSHLQRTLNPQARQPMQPSNAQRSHIQQGGSQAHAAAANSQQ	QQLFSQPSLNMPPVS	QGGSQAHAAAANSQQ	QQLFSQPSLNMPPVSTATQNRVPTVNMSAPTNRVPPVNTSAATRNREPSQPQNRSYRTSILNQYTNSHLQRTLNPQARQPMQPSNAQRSHIQQGGSQAHAAAANSQQ	RSYRTSILNQYTNSHLQRTLN	68.53	RVPTVNMSAPTNRVPPVNTSAATRNREPSQPQNRSYRTSILNQYTNSHLQRTLNPQARQPMQPSNAQRSHIQQGGSQAHAAAANSQQARVMASSHVARQGEQRGPPLQSVSRTDELFNSQPDQNWRPTSRMRGSLSGQQLTDDVRQRLIMPSSQEVQSPRSQGPQPGLTKSQLDALIANSRNAHNNPSKP
133	RHN68781.1	21	178	257	80	19.293	191	250	60	0.322	83	19.293	191	250	60	20.795	191	255	65	1505	16.015	8.084	NGHNQPQTGSYPDQQFNISGNPTGNNSSQYFNPNFGGRNGSRGRGFRGNRFRGRGGRNFG	NGHNQPQTGSYPDQQ	FRGRGGRNFGRGNIQ	NGHNQPQTGSYPDQQFNISGNPTGNNSSQYFNPNFGGRNGSRGRGFRGNRFRGRGGRNFGRGNIQ	GGRNFGRGNIQCQICYKTGHD	66.0774	NEKFKKALVGETASVNLTHAENSGEKNGHNQPQTGSYPDQQFNISGNPTGNNSSQYFNPNFGGRNGSRGRGFRGNRFRGRGGRNFGRGNIQCQICYKTGHDASIC
134	RHN76001.1	34	1	80	80	19.024	1	60	60	0.317	60	19.024	1	60	60	19.024	1	60	60	343	13.563	10.593	MSQKKKNNAQNDTKQNNETQKKHNNNNNENKNETQKKQNNNTNNIINNNNNKKNENNKNN	MSQKKKNNAQNDTKQ	INNNNNKKNENNKNN	MSQKKKNNAQNDTKQNNETQKKHNNNNNENKNETQKKQNNNTNNIINNNNNKKNENNKNN	NNENKNETQKKQNNNTNNIIN	68.1	MSQKKKNNAQNDTKQNNETQKKHNNNNNENKNETQKKQNNNTNNIINNNNNKKNENNKNNETKPTNVILKVDM
135	RHN48336.1	20	372	451	80	18.544	392	451	60	0.309	60	18.544	392	451	60	18.544	392	451	60	467	10.738	6.078	PGSSRMQAANQVDNNVITSAGTHDSNQSRTPNFSDSYQQYLGPHQMQFQLMQNQAMNQPN	PGSSRMQAANQVDNN	MQFQLMQNQAMNQPN	PGSSRMQAANQVDNNVITSAGTHDSNQSRTPNFSDSYQQYLGPHQMQFQLMQNQAMNQPN	NQVDNNVITSAGTHDSNQSRT	63.7521	NQVDNNVITSAGTHDSNQSRTPNFSDSYQQYLGPHQMQFQLMQNQAMNQPNVSRPLEKPETRQSGDK
136	RHN39619.1	23	65	144	80	17.837	299	358	60	0.297	110	17.837	299	358	60	23.95	298	407	110	517	18.294	11.426	NQQQYSIRWGGANSRFYSLPYPTPQRLQHQQQNHHDPLHNQMNFNHNMFPFHQYGGGNVN	PNQQQYSIRWGGANS	SQQQEGGGGSNVSNM	PNQQQYSIRWGGANSRFYSLPYPTPQRLQHQQQNHHDPLHNQMNFNHNMFPFHQYGGGNVNHQYNFHHHDPSSVFYMRSLAPSSMSMPQGSLSTRSQQQEGGGGSNVSNM	VTNVSHQQNQWLGMNHHHHHS	76.6204	TKTTREEEESSSKQQLQHCTFSSPPSNFSLSSSSPSTTHHHNHNHNHNHNHDVTNVSHQQNQWLGMNHHHHHSPESHNSAASKGGLGLLHQHQHQDATTSNF
137	RHN57643.1	25	29	108	80	17.004	26	85	60	0.283	102	17.004	26	85	60	27.457	14	115	102	419	19.72	14.232	SQTPNNHQSTNGYITIPQTMMQRPQNHHLMDVNNQSTNGFTHPIQHDGQTHSNHQSTNGY	QNNGSSPHVQPDSQT	MGVNNFNQERYQRNN	QNNGSSPHVQPDSQTPNNHQSTNGYITIPQTMMQRPQNHHLMDVNNQSTNGFTHPIQHDGQTHSNHQSTNGYLTTPQIMLQRPQNHLMGVNNFNQERYQRNN	ARNSTSNTVGSQGFANWSRNH	65.6633	SSYHPNLARNSTSNTVGSQGFANWSRNHSRPIIQNQRNSRYLPYGEGSNRRNNYFLSNDSNLRPTGHTNRFHSVN
138	RHN56362.1	15	197	276	80	16.352	253	312	60	0.273	118	16.352	253	312	60	25.453	215	332	118	347	16.042	11.994	YPTNYSNPYVGGPSYPAASGPSYQPPRTPPPPPTSNVGYPPNFHQSNNGLASSYFNMPSS	NGNKGRFGQGYHQQM	RQRGPPGFAMGAGAG	NGNKGRFGQGYHQQMDPASFNGPHKQAQTNVPYSHPVPYPTNYSNPYVGGPSYPAASGPSYQPPRTPPPPPTSNVGYPPNFHQSNNGLASSYFNMPSSSGTAPRQRGPPGFAMGAGAG	GGGIELLDNGNKGRFGQGYHQ	64.1821	GFVDVSVRVSEDNEEPNSHSGNGGGIELLDNGNKGRFGQGYHQQMDPASFNGPHKQAQTNVPYSHPVPYPTNYSNPYVGGP
139	RHN82674.1	19	97	176	80	14.021	97	156	60	0.234	89	14.021	97	156	60	18.795	97	185	89	1040	8.457	5.199	SSNASSSNVFNHSQVKPNNQPGPSNGSTSQHQTVNSRISNSNGAGYEKMSSQQAFNRTLP	SSNASSSNVFNHSQV	SFAPNNRLSNSSSSQ	SSNASSSNVFNHSQVKPNNQPGPSNGSTSQHQTVNSRISNSNGAGYEKMSSQQAFNRTLPPSFQSSASRALPPSSFAPNNRLSNSSSSQ	TSQHQTVNSRISNSNGAGYEK	64.2936	EEIVDPRRIPPIWASERNSDSRRAKSSNASSSNVFNHSQVKPNNQPGPSNGSTSQHQTVNSRISNSNGAGYEKMSSQQAFNRTLPPSFQSSASRALPPSSFAPNNRLSNSSSSQLH
140	RHN65418.1	20	606	685	80	12.983	600	659	60	0.216	142	12.983	600	659	60	17.267	563	704	142	704	12.321	6.901	SFNLPGRQQLGHPHGFFGMNQHLSNLAMSGLGPSLQAKLPGMPMNPFMMQQQQQQQRAAN	NANASNAAQGQASGL	MYQDIMNHMPLGPHM	NANASNAAQGQASGLLQNHMHRPEPSQVHNGMRPSLGSFNLPGRQQLGHPHGFFGMNQHLSNLAMSGLGPSLQAKLPGMPMNPFMMQQQQQQQRAANEMGFMLPKGEPNVDANPERGGLNMQNGSSSMYQDIMNHMPLGPHM	QKGNIAGAGNWKHDNLEATSA	63.7999	STNPHADMQVDNPEHGEPQGGGGGDLGWANVQKGNIAGAGNWKHDNLEATSAVNPGYGNQSTNLQTQNGTTHIDSGDAVDRSSTFSNEEEE
141	RHN54001.1	16	65	144	80	10.309	60	119	60	0.172	83	10.309	60	119	60	15.729	58	140	83	605	8.889	2.684	NALGGSSSNNNNNPSTNSHFINGGLARASFIPARETGAGPAVGYDYQRSGPPAGNSSNAN	SYNALGGSSSNNNNN	GGINNNTTTTGGPSN	SYNALGGSSSNNNNNPSTNSHFINGGLARASFIPARETGAGPAVGYDYQRSGPPAGNSSNANSISSFYGGINNNTTTTGGPSN	SNANSISSFYGGINNNTTTTG	66.8418	SNANSISSFYGGINNNTTTTGGPSNDDDQRRANLLLKRSRSPNALNRGETSAQGSQGDEGS
142	RHN52248.1	23	271	350	80	9.849	240	299	60	0.164	108	9.149	271	330	60	17.696	243	350	108	604	8.24	4.172	NSNFGANDVVNNYGLSANSRGVTPRPSNYEEEANNNAKKFKNYPAPNPGMFSPTNNNNGS	QSSRNPTPRGSSFNH	NVSVNAKKSNGQSQQ	QSSRNPTPRGSSFNHTDFYSMMGGGNGRNSNFGANDVVNNYGLSANSRGVTPRPSNYEEEANNNAKKFKNYPAPNPGMFSPTNNNNGSKNLGSNVSVNAKKSNGQSQQ	RNSNFGANDVVNNYGLSANSR	60.9332	MMGGGNGRNSNFGANDVVNNYGLSANSRGVTPRPSNYEEEANNNAKKFKNYPAPNPGMFSPTNNNNGSKNLGSNVSVNAKKSNGQSQQKQ
143	RHN63084.1	30	629	708	80	9.11	661	720	60	0.152	82	9.014	649	708	60	14.236	627	708	82	783	4.871	1.032	NKDSSQVTTSSENSAEGNSNTENNSDENQNDSKNNENTNDSGNTSNDANVNENQNENAAQ	SSQNDNANSGQSNTT	NDANVNENQNENAAQ	SSQNDNANSGQSNTTSDESANDNKDSSQVTTSSENSAEGNSNTENNSDENQNDSKNNENTNDSGNTSNDANVNENQNENAAQ	SSSNTFDNKDAASNKVQLTTT	63.6407	QEGTQESGSSSNTFDNKDAASNKVQLTTTSDTSSEQKKDESSSAESKSESSQNDNANSGQ
144	RHN53727.1	27	196	275	80	12.424	216	275	60	0.207	77	8.932	213	272	60	15.515	196	272	77	349	6.532	2.841	ELDQLQYNIHINNNDANNFLQLPQLENLNSPMQCSLSTHSMTQEQYGQQQSMQMLYGGSN	PYNASYQHQQQHYPC	YGQQQSMQMLYGGSN	PYNASYQHQQQHYPCKQELDQLQYNIHINNNDANNFLQLPQLENLNSPMQCSLSTHSMTQEQYGQQQSMQMLYGGSN	LDQLQYNIHINNNDANNFLQL	74.3271	QVSFMQSELESPSRISSHHPYNASYQHQQQHYPCKQELDQLQYNIHINNNDANNFLQLPQLENLNSPMQCSLSTHS
145	RHN80664.1	21	29	108	80	8.194	126	185	60	0.137	107	8.194	126	185	60	17.586	82	188	107	355	9.212	4.33	MQMRGLFSTFGQLHTPTHAQPVRPMLQSPPPQPQLHLHHQHQQHFQSQQPNPASVTAMPQ	GNITNNNNNNHHHLR	QPNPASVTAMPQPPG	GNITNNNNNNHHHLRLHDINNHNNNNNITSSSPSSTPGITDRDSMQMRGLFSTFGQLHTPTHAQPVRPMLQSPPPQPQLHLHHQHQQHFQSQQPNPASVTAMPQPPG	TRFVDNVVDVEGNITNNNNNN	63.3699	FLRQHQDGTRFVDNVVDVEGNITNNNNNNHHHLRLHDINNHNNNNNITSSSPSSTPGITDRDSMQMRGLF
146	RHN46908.1	40	18	97	80	48.624	24	83	60	0.81	83	48.624	24	83	60	54.649	1	83	83	516	46.515	45.604	LNSNPNNANAGFQQRPHYQQQQYVQRHLMQNQNQHQQHYQHHQQNQQQYQQQNQQQQQQQ	MNNNNRGRYPPGIGL	QQQYQQQNQQQQQQQ	MNNNNRGRYPPGIGLGRGSGGGGLNSNPNNANAGFQQRPHYQQQQYVQRHLMQNQNQHQQHYQHHQQNQQQYQQQNQQQQQQQ	QYQQQNQQQQQQQWLRRNQLG	66.3799	MNNNNRGRYPPGIGLGRGSGGGGLNSNPNNANAGFQQRPHYQQQQYVQRHLMQNQNQHQQHYQHHQQNQQQYQQQNQQQQQQQWLRRNQLGGGTDTNVVEEVEKTVQSETNDPSSQDWKEKLKLPPADTRYRTEDVTATKGNEFEDYFLKRELLMGIY
147	RHN62234.1	37	4	83	80	40.623	4	63	60	0.677	107	40.623	4	63	60	58.273	1	107	107	454	57.757	52.473	QTNGGDLNQNQNQNQNQHQQQQQQQWAQQQPHQYQQQWMSMQYPATAMAMMQQQMMMYPQ	MAAQTNGGDLNQNQN	HHGGHQQHQYQQHQQ	MAAQTNGGDLNQNQNQNQNQHQQQQQQQWAQQQPHQYQQQWMSMQYPATAMAMMQQQMMMYPQHYMPYVHPHHYQQQPPHQQQVSPPPSAHSHHGGHQQHQYQQHQQ	NQNQNQNQHQQQQQQQWAQQQ	62.7169	MAAQTNGGDLNQNQNQNQNQHQQQQQQQWAQQQPHQYQQQWMSMQYPATAMAMMQQQMMMYPQHYMPYVHPHHYQQQPPHQQQVSPPPSAHSHHGGHQQHQYQQHQQKQLAPEEIRTIWLGDLHHWMD
148	RHN73692.1	45	482	561	80	39.871	513	572	60	0.665	347	39.871	513	572	60	124.931	420	766	347	1114	111.154	106.307	NQLQQQQQRQQQLAGSQNLPQPQQQQPQLTQQSPQQPQQQQQHQQPCQNTTMNNGTIGSN	MSMQQNNNQFSAAQS	MHPQQLPVNHLQNTQ	MSMQQNNNQFSAAQSGLLPPSMLSSNAMHGNLNTDDPSKILNFQSPAALSAPSLQFNKPNLPNQVNQLQQPPASWSQQQQQQQKMQSLLPMPLNQLQQQQQRQQQLAGSQNLPQPQQQQPQLTQQSPQQPQQQQQHQQPCQNTTMNNGTIGSNQIPNQCVQQPVTYSQLQQQLLSGSMQSQQNLQSAGKNGLMMTSLPQDSQFQQQIDQQQAGLLQRQQQQNQLQQSSLQLLQQSMLQRGPQQPQMSQTVPQNISDQQQQLQLLQKLQQQQQQQQQQQPLSTSSQLLQSQLLPQQSQQMPQQPMSQHQPQQLGNNAFSMEKLLNNNYSSSPLMHPQQLPVNHLQNTQ	QQQNQLQQSSLQLLQQSMLQR	68.8803	NLQSAGKNGLMMTSLPQDSQFQQQIDQQQAGLLQRQQQQNQLQQSSLQLLQQSMLQRGPQQPQMSQTVPQNISDQQQQLQLLQKLQQQQQQQQQQQPLSTSSQLLQSQLLPQQSQQMPQQPMSQHQPQQLGNNAFSMEKLLNNNYSSSPLMHPQQLPVNHLQNTQKSPTNTRAPSAFTDGDAPSCSTSPSTNNCQTSPPNPLKRNQPDTFGGPSMVETTNNLMQELQSKSDMQSKHELHGVKGPDKQKHKGAINDHMEASSGTSYGIDPGNIHQNFPLSNFYMDGDVHSQQPRSNIPFASNLDGLTPDPLLSRGYDSQKDLQNLLSNYGGAPR
149	RHN58488.1	41	297	376	80	36.597	163	222	60	0.61	417	36.597	163	222	60	161.282	90	506	417	1290	205.421	197.036	QNSNTQQPGQNSVSNSIGQNSNVQSMFPGSQRQMSGRPQVVPQQQQQQSQNQQQTLYQQQ	NKSQNTMANNMLSNE	QQSVLDQQKQLYQSQ	NKSQNTMANNMLSNEGGPSNNLPDQGQQHPNPLPNQHQPRQQLLSHNIQNNVAPQPNLSSVSTLPQIPSQNISQNSNTQQPGQNSVSNSIGQNSNVQSMFPGSQRQMSGRPQVVPQQQQQQSQNQQQTLYQQQLLKHKLSQMQQQQQQQNLLQPNQLLSSQQSVIPTSSAMQPSMVQSSLSSLPQNQQSNNVQQSTQSRLQQHSQIIRQQQQNSIVNQQQTPMIQQQHQQLAGPQSNATNGQHAQMLGQQNNVGDVQKSQRLHPQQNNLMNLQQRQQQQQLMNHQNNLTNIHQQPGNNVQGLQQQQQFGTESGNQGIQTSHHSAQMLQQPKVSMQQQLQHNPSKLLPSQSQQSQTQASQQQLMSQIHNQPAQMQQQLGLQQQQNPLQRDMQQKLQASGSLLQQQSVLDQQKQLYQSQ	QQQQQQSQNQQQTLYQQQLLK	66.4914	TQQPGQNSVSNSIGQNSNVQSMFPGSQRQMSGRPQVVPQQQQQQSQNQQQTLYQQQLLKHKLSQMQQQQQQQNLLQPNQL
150	RHN70448.1	24	332	411	80	33.991	346	405	60	0.567	341	33.991	346	405	60	111.718	257	597	341	605	97.481	93.718	YNQQPQQQQNPGGPPQPADGSGYSYSQPPSSGYSQPGQGYGQESYGAYNAQQQSGYGQPQ	NSGNSGGYTQQGYQS	YASDGATAQAVPQGS	NSGNSGGYTQQGYQSRPPSSWAPPPAPVQQAGYGYGQPGSYSGPSPQYNMPQPPYAGYPPQQPGGYSANWDQSTAPSHQQSTHASGYDYYNQQPQQQQNPGGPPQPADGSGYSYSQPPSSGYSQPGQGYGQESYGAYNAQQQSGYGQPQTYDQQQGYGSAPSYGSGSNPTQEGHTSNYGSQADTSQTSQPTTVAQQGYATNQPETPQPGYAVAPTTQAAYGSQPQSGYGPSYGAPPSQKPSANPPVYGQSQSPSTAGGYGHSAYPSSQAPPSGYAQPELGTQRAPVQPGYGPQSYGAPQGGQPGYGQTPPSYGNSSYGGSYAQAPAYASDGATAQAVPQGS	GQGYGQESYGAYNAQQQSGYG	72.1293	PDQIESAKQLVNQILTGENRLRNSGNSGGYTQQGYQSRPPSSWAPPPAPVQQAGYGYGQPGSYSGPSPQYNMPQPPYAGYPPQQPGGYSANWDQSTAPSHQQSTHASGYDYYNQQPQQQQNPGGPPQPADGSGYSYSQPPSSGYSQPGQGYGQESYGAYNAQQQSGYGQPQTYDQQQGYGSAPSYGSGSNPTQEGHTSNYGSQADTSQTSQPTTVAQQGYATNQPETPQPGYAVAPTTQAAYGSQPQSGYGPSYGAPPSQKPSANPPVYGQSQSPSTAGGYGHSAYPSSQAPPSGYAQPELGTQRAPVQPGYGPQSYGAPQGGQPGYGQTPPSYGNSSY
151	RHN67403.1	27	275	354	80	31.74	303	362	60	0.529	188	31.74	303	362	60	43.63	275	462	188	658	33.394	28.515	GGGNVGTGGNYQGGDGNNNNNNNSNNNNNRGSGRGNWGRGNNPGMGNRGHGNPMRNRGGG	NNRNQPMNPTAGANQ	GMIPPSGMDGPNMGM	NNRNQPMNPTAGANQGRRGPAEVGGVKPGGGNVGTGGNYQGGDGNNNNNNNSNNNNNRGSGRGNWGRGNNPGMGNRGHGNPMRNRGGGMGGRGMIGNAGNGYGPGIGAGPPMMHPGFDPSFGGPIGRVGGYAGYPGGPTPPFSGMMPSYPGMHGVAPHVNPGFFGRGMHMNAIGMIPPSGMDGPNMGM	TGGNYQGGDGNNNNNNNSNNN	66.7622	PYTVKKMGEALNNRNQPMNPTAGANQGRRGPAEVGGVKPGGGNVGTGGNYQGGDGNNNNNNNSNNNNNRGSGRGNWGRGNNPGMGNRGHGNPMRNRGGGMGGRGMIGNAGNGY
152	RHN64957.1	24	13	92	80	29.684	2	61	60	0.495	66	29.684	2	61	60	30.158	1	62	62	411	44.417	37.584	MQPGGPGMPPPNLAQQFHQQVQQQHQQQPPYMMMHPPQPQPQPQTQPPQMWAPNAQPPQQ	MMQPGGPGMPPPNLA	PPQMWAPNAQPPQQS	MMQPGGPGMPPPNLAQQFHQQVQQQHQQQPPYMMMHPPQPQPQPQTQPPQMWAPNAQPPQQS	NQWNGSSSYFGGYAQGYENYA	73.7219	RVLNGTLLGGQNVRLSWGRSPANKQTQQDPNQWNGSSSYFGGYAQGYENYAYAPPAGQDPNMYGSYPAGYASYQPPQQQQQLGYS
153	RHN39439.1	45	470	549	80	28.373	501	560	60	0.473	563	28.373	501	560	60	128.31	1	563	563	658	112.858	109.905	QQNSSTLNQLPQLMQQQKSMGQPLLQQQLQQQQLLLQQQQLVLQQQQQQQQQQRTQLLQQ	MATPPSTMAQNMISS	QQQQQRTQLLQQQMQ	MATPPSTMAQNMISSQQSTIDTQTQNPISSNPTIPSPSPIPQQLPAIINLNPSPNPNVPSFQIQPLQQQVAVQQAGLYGGLMNFGGSAAVPDQQQQLSGSVGVGVGGNASNLSGAGATQFNLLTSPGQKVGLVQTSQLSSANSAGQSLQGMQQAIGTLGSSNLASQLMTTNRSLYGQKQQLAQQASLNNQQAQQQQLAGGVGVCIGSGAFNFGGSAVVTAQQQQLAGGVGLGIGGNTSSLSQSALAGPSGPFPKLSGASATQSNQLTSPGLQVGLVQSSQFSSGNSAGQSLQGTQQAIGTMGSSNLASQLMTTNGALYAQQLQLSQQAPFNNQQLVGLPQSGQPAMIQNQLLKQIPAVSGSASLLPLQQPQSQQQLASSAQLQQSSLTLNQQQLPQLMQQPKPMGQPQLQQQLQHQQLLQQQLQLQQQYQRLQQQLASSAQLQQNSLTLNQQQLPLLMQQPKSMGQPLLQQQQQQLLQQQLQLQQQYQRLQQQLASSAQLQQNSSTLNQLPQLMQQQKSMGQPLLQQQLQQQQLLLQQQQLVLQQQQQQQQQQRTQLLQQQMQ	QQQLQHQQLLQQQLQLQQQYQ	70.3455	QQSSLTLNQQQLPQLMQQPKPMGQPQLQQQLQHQQLLQQQLQLQQQYQRLQQQLASSAQLQQNSLTLNQQQLPLLMQQPKSMGQPLLQQQQQQLLQQQLQLQQQYQRLQQQLASSAQLQQNSSTLNQLPQLMQQQ
154	RHN42035.1	39	64	143	80	28.12	80	139	60	0.469	73	28.12	80	139	60	36.128	72	144	73	894	27.746	22.986	NNNNNSDDSTSESTTNNNNNSDESTSESTTNNNNNNSDESTSETTNNNDNNNNNNNNNNN	QTNKNNDDNNNNNSD	NNNNNNNNNNNNNNS	QTNKNNDDNNNNNSDDSTSESTTNNNNNSDESTSESTTNNNNNNSDESTSETTNNNDNNNNNNNNNNNNNNNS	NDNNNNNNNNNNNNNNNSDDS	71.8426	DNSASTTNDFSSNDDRIDQTNKNNDDNNNNNSDDSTSESTTNNNNNSDESTSESTTNNNNNNSDESTSETTNNNDNNNNNNNNNNNNNNNSDDSTLETTNNEKNSDGSTSETNTKSKDQKDTATVYGDNPGNLPDDAIKSDVANNNNNDQPKQDHKNSFSQKQKQKNSNDDQKNIVSEKDEESTQVSEGNNNKDAVEGENQNAKGDQQQDGQRFDNNDQGSKNNGDGVNEQLKDDKGENKIMEIEQKKMSKEEPKEPEKESQEEVVEKPKPEKKKRRKSSKKESKKQWSTQADESRGEKERQNINESGSSTNSVVDQEVQDLKWSICNVTAGADYIPCLDNEKYLK
155	RHN68191.1	23	341	420	80	27.958	361	420	60	0.466	114	27.958	361	420	60	31.842	307	420	114	420	28.743	24.093	QNPNYQLQRPQTPHPYYPPLYQPQPYQPQPFYQQLYYTPPPQPQQPRPRAQQQQPRPQRN	GASSGGSSNGNRKFG	PRPRAQQQQPRPQRN	GASSGGSSNGNRKFGNGYSKKNAQEVGMVAHGGSQPVYSSYPYVANIPPPTPAPQNPNYQLQRPQTPHPYYPPLYQPQPYQPQPFYQQLYYTPPPQPQQPRPRAQQQQPRPQRN	SGGSSNGNRKFGNGYSKKNAQ	61.7773	IEDWVRKGRVSKDGASSGGSSNGNRKFGNGYSKKNAQEVGMVAHGGSQPVYSSYPYVANIPPPTPAPQNPNYQLQRPQTPHPYYPPLYQPQPYQPQPFYQQLYYTPPPQPQQPRPRAQQQQPRPQRN
156	RHN82811.1	29	49	128	80	25.66	69	128	60	0.428	66	25.66	69	128	60	29.242	67	132	66	343	30.365	20.59	QQQHHHQQQQQQQQQRSSYEGQGGGFDGSALLRQKSSPAGFLNHLATLNHNNNNNNNNNN	QQQQQHHHQQQQQQQ	HNNNNNNNNNNAGGG	QQQQQHHHQQQQQQQQQRSSYEGQGGGFDGSALLRQKSSPAGFLNHLATLNHNNNNNNNNNNAGGG	NNSNSIVFSSSQTQTNNNSKK	67.3196	TWGGGGPDNNNNSNSIVFSSSQTQTNNNSKKRSSRTDPNDDPDLLLHCLNALETQYSLPQTS
157	RHN68038.1	35	475	554	80	24.984	434	493	60	0.416	128	24.984	434	493	60	40.177	434	561	128	849	29.834	26.024	GNDQNQQYQAMLAAAGMQNMGGGYLMRPQMVNFQQQPTHYLQSGNNNSPLQLHQPQSIQQ	GNDQNQQYQAMLAAA	HQRQQQSNVPSPSYS	GNDQNQQYQAMLAAAGMQNMGGGYLMRPQMVNFQQQPTHYLQSGNNNSPLQLHQPQSIQQSVSSNMMQPQQTQILTENLSQHLLQKPNNNQELQAQQQQHAYQDTLLVQNDQLHQRQQQSNVPSPSYS	NNNQELQAQQQQHAYQDTLLV	65.9499	THYLQSGNNNSPLQLHQPQSIQQSVSSNMMQPQQTQILTENLSQHLLQKPNNNQELQAQQQQHAYQDTLLVQNDQLHQRQQQSNVPSPSYS
158	RHN72837.1	34	169	248	80	25.307	193	252	60	0.422	108	24.87	179	238	60	35.506	168	248	81	683	32.062	24.079	SQQRGSNYNQQVEKSQFPQGINSANQGAVGKPLVAESGNGQQQQPVQQSQQQVSQNQSQN	YSYNYNNSHKFSQQR	NQSQNLANGQPNQAN	YSYNYNNSHKFSQQRGSNYNQQVEKSQFPQGINSANQGAVGKPLVAESGNGQQQQPVQQSQQQVSQNQSQNLANGQPNQAN	IEDVLQKIQHLYSYNYNNSHK	73.5945	QDCVYKHTNEDIKECNMYKLGFCPNGPDCRYRHAKSPGPPPPIEDVLQKIQHLYSYNYNNSHKFSQQRGSNYNQQVEKSQFPQGINSANQGAVGKPLVAESGNGQQQQPVQQSQQQVSQNQSQNLANGQPNQANRTSTPLPQGISRYFIVKSCNRENL
159	RHN53829.1	26	1168	1247	80	24.773	1194	1253	60	0.413	219	24.773	1194	1253	60	38.573	1035	1253	219	1253	31.379	26.179	QDDATQNHFNVANSNPLQSQMNSLYSQPFAHYNTQPLNMQASQQQPQGQSSQNQKIHYNG	GNSGASIGNHLPHQG	PQGQSSQNQKIHYNG	GNSGASIGNHLPHQGTQPPIGSAFNFPALENPNSQPSVGGPLSQPGFANNMPVQGAGQSFRDQFSVPGMSQDFLGDDFKSQGSHVPYNVTDFSTQASQSGYAVDYATQGAQGGFPGNFLNQNSQAGYSRFGSGNDFMSQDYMGHGSQGLFTQVGFSDPLQDDATQNHFNVANSNPLQSQMNSLYSQPFAHYNTQPLNMQASQQQPQGQSSQNQKIHYNG	MSQDYMGHGSQGLFTQVGFSD	67.3833	FMSQDYMGHGSQGLFTQVGFSDPLQDDATQNHFNVANSNPLQSQMNSLYSQPFAHYNTQPLNMQASQQQPQGQSSQNQKIHYNG
160	RHN75705.1	30	122	201	80	23.713	110	169	60	0.395	133	23.713	110	169	60	41.434	79	211	133	426	32.359	27.608	HNSEQFPQQFGPNNNLPFHPPTQNQQQMISFGTQSQQQTNIVPYPPMLSQQQHQQQILQY	NQNQNQNQFQPFSFP	YSNNNGPMFRPQIQP	NQNQNQNQFQPFSFPSSASSSSRHVFPFAFDHNSEQFPQQFGPNNNLPFHPPTQNQQQMISFGTQSQQQTNIVPYPPMLSQQQHQQQILQYWSDALNLSPRGRMLMMMNNNNNRYLGQYSNNNGPMFRPQIQP	TQNQQQMISFGTQSQQQTNIV	69.9315	MAAAKNSGKFNKDFGDETHNNHNKVTKIGESQVNWEIEKGKSVEISSSQRHHWKPVFDEASNMSHNRPYKKSKSPQRENQNQNQNQFQPFSFPSSASSSSRHVFPFAFDHNSEQFPQQFGPNNNLPFHPPTQNQQQMISFGTQSQQQTNIVPYPPMLSQ
161	RHN82528.1	28	278	357	80	23.067	284	343	60	0.384	270	23.067	284	343	60	40.191	221	490	270	571	32.536	24.241	PNSFFNNNIHEPNQNFVPHDPSQQQGLMMQNSHNSNNSNLFNMPNFLSSNSTNSSNNSFS	YGSSSNNNTMGLSIA	NTSIFDQSGGGGGGG	YGSSSNNNTMGLSIAQVAAQMPNMQQQDHHSSNSATEILRLGAAAANRSGQFDHHMLPQATFRPNSFFNNNIHEPNQNFVPHDPSQQQGLMMQNSHNSNNSNLFNMPNFLSSNSTNSSNNSFSEHLNVNNEGTNFFNGSGGTSSAPSLFSNVFSQGGNSNINAAAGTAISSMSATALLQKAAQMGATSSNGNGTTATSLLKSFGNNTGASNSTSSGGGDHSRVQMGGGSGNYGFGGGNHEQSNLQDLMNSFAATGNTSIFDQSGGGGGGG	SQQQGLMMQNSHNSNNSNLFN	69.8041	PQATFRPNSFFNNNIHEPNQNFVPHDPSQQQGLMMQNSHNSNNSNLFNMPNFLSSNSTNSSNNSFSE
162	RHN79742.1	17	241	320	80	22.989	246	305	60	0.383	88	22.989	246	305	60	23.352	246	333	88	333	17.401	14.394	YQYPIQAPMYYYEGQSSNYAGMDQFHHQSGYGGGYDNNQHYMENNGYMNMNHGGGYPMQP	YQYPIQAPMYYYEGQ	PQMFSDENPNACSLM	YQYPIQAPMYYYEGQSSNYAGMDQFHHQSGYGGGYDNNQHYMENNGYMNMNHGGGYPMQPPQVPYYMHPSHPPPQMFSDENPNACSLM	GGGYDNNQHYMENNGYMNMNH	66.364	VDGGDAAKVEVNKMEYQYPIQAPMYYYEGQSSNYAGMDQFHHQSGYGGGYDNNQHYMENNGYMNMNHGGGYPMQPPQVPYYMHPSHPPPQMFSDENPNACSLM
163	RHN71977.1	32	97	176	80	22.436	121	180	60	0.374	85	22.436	121	180	60	30.202	96	180	85	263	40.408	34.842	GNNQNELSDTKYNEEGYNSMMEKQNNNQEYYFNNNNAANERSFHSNNYNNYNAQNNRYNG	SNYPNNNKYYNNDAY	NNYNNYNAQNNRYNG	SNYPNNNKYYNNDAYNTKYYNKDTFGNNQNELSDTKYNEEGYNSMMEKQNNNQEYYFNNNNAANERSFHSNNYNNYNAQNNRYNG	VNNNNNWYNNNNNYGNNNEYQ	77.9264	KETKVPNKEESPVTNKPEEQPPFIPQTQNSYGLYGHDSDHIPSTAATTSTTNSNFEETSNYPNNNKYYNNDAYNTKYYNKDTFGNNQNELSDTKYNEEGYNSMMEKQNNNQEYYFNNNNAANERSFHSNNYNNYNAQNNRYNGEKQGMSDTRFLEGGKYFYDVNYEKYNPTMYGDSSRGVNNNNNWYNNNNNYGNNNEYQNNHGNYNGYKNQEELKNEQHEFDVEP
164	RHN80263.1	18	390	469	80	22.192	410	469	60	0.37	277	22.192	410	469	60	72.923	193	469	277	469	64.278	60.199	GSYMGSGYGDTNGNSGYGNAAWRSEQAQASGNYGTPQGNGGQAGYGGGYGAAQSRQAQQQ	NPGANSRMGGAGGGS	GGGYGAAQSRQAQQQ	NPGANSRMGGAGGGSGGMGGYQGYGASGGNQNAYDGRSDSRYMQPQSAAGGFPPYGSSAYSAAAGYGYGSASNGLGYGAAYGSYGGAAAGYGGPAAATYGNPNVPNAAYAGGGPRSSWPAQAPSGYGSMGYGNTAPWGAPSGGAGSGAATAGQSPSAAAGYGNQGYGYGGYGGGYGASDNSYGNPGVYGAVGGRTGSAPNSNASGQGGSELQGSGGSGSYMGSGYGDTNGNSGYGNAAWRSEQAQASGNYGTPQGNGGQAGYGGGYGAAQSRQAQQQ	NSGYGNAAWRSEQAQASGNYG	68.6892	NASGQGGSELQGSGGSGSYMGSGYGDTNGNSGYGNAAWRSEQAQASGNYGTPQGNGGQAGYGGGYGAAQSRQAQQQ
165	RHN70709.1	26	1024	1103	80	20.89	1035	1094	60	0.348	84	20.89	1035	1094	60	25.116	1035	1118	84	1132	16.802	11.524	QPQINNQNQFPPQQTMNNFHLRPHVVNQSYAGLPQQSIMPTQYLQPPMNVTHVQQNFGPQ	QPQINNQNQFPPQQT	TQPSAAPPYGTPTQG	QPQINNQNQFPPQQTMNNFHLRPHVVNQSYAGLPQQSIMPTQYLQPPMNVTHVQQNFGPQWVPSIQGNNTQPSAAPPYGTPTQG	LVHKYGQNKTTVTSVNWQDKF	70.6163	LVQKHMGPSMVTSHSVVQTPSRPAQQMRELVHKYGQNKTTVTSVNWQDKFGGSIQPWNDDDDDIPEWQPQINNQNQFPPQQTMNNFHLRPHVVNQSYAGLPQQ
166	RHN70491.1	28	35	114	80	20.458	60	119	60	0.341	88	20.458	60	119	60	28.173	38	125	88	519	18.065	15.118	NKNNGPHQNLQGVGIVSNFNDVFSSPPSQENYYGHGGNSNNGNDPFNSNVLPQQNHSGNN	NNNNNVGPTSLSQQT	PQQNHSGNNDPFAYN	NNNNNVGPTSLSQQTQHINLSINKNNGPHQNLQGVGIVSNFNDVFSSPPSQENYYGHGGNSNNGNDPFNSNVLPQQNHSGNNDPFAYN	DSFSDVMLQQHGNGSTNETFS	62.6692	NKNNGPHQNLQGVGIVSNFNDVFSSPPSQENYYGHGGNSNNGNDPFNSNVLPQQNHSGNNDPFAYNLESPENDHHIQQVHGGCNDPYMYNLVPPENHHEYIQQGQGGNTDSFSDVMLQQHGNGSTNETFSVPMVQDQYDQNSINFSFGRNSL
167	RHN46755.1	27	311	390	80	18.085	111	170	60	0.301	115	18.085	111	170	60	24.806	111	225	115	805	31.891	20.13	NNNANNNNFHYNTNNINNSSHHSNVALSRDNVAVQNYPTVTVTTNYSTMLLPSSSNNLNN	NNNANNNNFHYNTNN	TSNRNSNSNISSATN	NNNANNNNFHYNTNNINNSSHHSNVALSRDNVAVQNYPTVTVTTNYSTMLLPSSSNNLNNSSTSNYAHFQQPLVEEQNHVPNICGFSGLPLFPSQNQPNRTSNRNSNSNISSATN	FNGATTDETNNNSASNSSNIS	72.177	CALFNGATTDETNNNSASNSSNISSEDLHTLHNSNTNMPQQQQPHSDRKVLRKRMASEMELQLQVHNNNNRFSRRNNNN
168	RHN61584.1	25	1174	1253	80	18.419	1202	1261	60	0.307	83	17.306	1189	1248	60	23.292	1171	1253	83	1360	13.719	9.491	QQNVPHDFSRQLEYGQNDLYINAQVHQPNHQYQQGNTPYVQRHTHPAPPQNPSNQFSYTN	SQSLMPPQSYQSSPK	NPSNQFSYTNQTVQQ	SQSLMPPQSYQSSPKLGYQQNVPHDFSRQLEYGQNDLYINAQVHQPNHQYQQGNTPYVQRHTHPAPPQNPSNQFSYTNQTVQQ	HDFSRQLEYGQNDLYINAQVH	67.5744	QSYQSSPKLGYQQNVPHDFSRQLEYGQNDLYINAQVHQPNHQYQQGNTPYVQRHTHPAPPQNPSNQFSYTNQTVQQHLPHTFHPPFPLPSLPDNLRQFVSDEQRRMSSTNNQHQNVVWRGINPTGPPFGQEGFR
169	RHN45938.1	30	31	110	80	16.345	21	80	60	0.272	116	16.345	21	80	60	24.01	1	116	116	657	19.134	14.189	SNRSSITLPSSMNNNNIYNYNFSTVAQNLHHPYYQTQQEQQIPSISINPSSQIIQSQTSN	MFSPGFTAGGGSSDF	NNLNLRNHNYINNNN	MFSPGFTAGGGSSDFYDGSTSNRSSITLPSSMNNNNIYNYNFSTVAQNLHHPYYQTQQEQQIPSISINPSSQIIQSQTSNLIGKRTFDEFQSQNQNILYNNNNLNLRNHNYINNNN	QNQNILYNNNNLNLRNHNYIN	83.0546	PSISINPSSQIIQSQTSNLIGKRTFDEFQSQNQNILYNNNNLNLRNHNYINNNNTVLSNLLIRSVK
170	RHN64999.1	23	46	125	80	14.804	394	453	60	0.247	104	14.72	395	454	60	18.4	395	498	104	498	13.506	8.97	NNGNSPSQFQLGQPQNFGSGQLPQVIAQALYNQSKFSGLQMSQDVGGSSQLHPTQQASSL	NNGNSPSQFQLGQPQ	NNSNPNIINSATYNQ	NNGNSPSQFQLGQPQNFGSGQLPQVIAQALYNQSKFSGLQMSQDVGGSSQLHPTQQASSLSAAITADPNFTAALAAAISSIIGAAPPSNNNSNPNIINSATYNQ	QQQQLDDHVSIKKTNNNQIYD	73.8174	MLTFPTMNLISTNGGATWCDENENEDDENRGGGMNRVTMDEVDFFSNDKSEQQQQQQLDDHVSIKKTNNNQIYDPHCNLRAHHVNTGLQLLITNTGSDQSMMDDRTSINAQDNKRAKTQQTDQLQEELGRVNAENQKLKDMLSDMNSSYTNLHNRFISLMQQQQN
171	RHN70071.1	18	130	209	80	13.086	172	231	60	0.218	90	13.086	172	231	60	14.325	142	231	90	261	5.451	1.49	TYSNPYQYAAQAHLQASGSSNFNQDMLSFYGRDMFVSNSQPLSTTSPSSSSSSGLSQQQQ	GYNQQFHHLVSTTSN	SPSSSSSSGLSQQQQ	GYNQQFHHLVSTTSNEQQSNPVPLQHFSRETYSNPYQYAAQAHLQASGSSNFNQDMLSFYGRDMFVSNSQPLSTTSPSSSSSSGLSQQQQ	DMSAIVSALTQVMGGNNNNEM	68.3229	ESWEEEGKEDENLFPVFSERSQQDMSAIVSALTQVMGGNNNNEMHEASSIHNIEQSQPPQQDQGNVRRRHYRGVRQRPWGKWAAEIRDPKKAARVWLG
172	RHN69695.1	27	65	144	80	13.275	61	120	60	0.221	107	12.544	63	122	60	22.734	63	169	107	189	12.861	9.644	GPQARPQAQTHSQGQGMQQQHQVPMPLQRPDFAVNSAFDMNEQQQLQQQHLTMSLQQPDL	GPQARPQAQTHSQGQ	FTGTNNRGMQTGNNN	GPQARPQAQTHSQGQGMQQQHQVPMPLQRPDFAVNSAFDMNEQQQLQQQHLTMSLQQPDLSASKFAFQMNEQQHNKQPTFFQHQLFPEGMNSFTGTNNRGMQTGNNN	FAVNSAFDMNEQQQLQQQHLT	64.8192	MQQQHQVPMPLQRPDFAVNSAFDMNEQQQLQQQHLTMSLQQPDLSASKFAFQMNEQQHNKQPTFFQHQLFPEGMNSFTGTNNRGMQTGNNNLPDMQSFEYQIGSDVSPGWS
173	RHN62787.1	26	351	430	80	13.47	375	434	60	0.225	108	12.504	324	383	60	22.061	324	431	108	487	12.733	8.653	SSNPNISDYGFTTQQSFNPYTNNSFHHPLNQSPNIRSINPNDPSQGIVFDLTNNNNNELN	SSNPNISDYGFTTQQ	NTSNANITMNNFHNP	SSNPNISDYGFTTQQSFNPYTNNSFHHPLNQSPNIRSINPNDPSQGIVFDLTNNNNNELNEQRRFSTAGSSSSNISTDQPRFSWMQNKYQQQSNTSNANITMNNFHNP	FSWMQNKYQQQSNTSNANITM	71.0463	SFNPYTNNSFHHPLNQSPNIRSINPNDPSQGIVFDLTNNNNNELNEQRRFSTAGSSSSNISTDQPRFSWMQNKYQQQSNTSNANITMNNFHNPRVMDIHDRVW
174	RHN63234.1	21	421	500	80	15.29	473	532	60	0.255	180	11.901	467	526	60	25.976	348	527	180	1401	20.043	10.272	NGTVEVQRFAPSGNFGQHYNYSNTQFDEQKNISNDYAESHQPFGYSNQSYQSGHQQSYAP	QYAVQGHGNGHASSG	NQSYQSGHQQSYAPN	QYAVQGHGNGHASSGTFSHNDNSLYRDYGQVGYYESQGVGSQAANNNWSGSYGINHQQDLDRHTTDTATKSGGSAYGGNQQFDHSFGSSNSVNKNQQNASSSFGSVPLYNKVNHGHGLVNGTVEVQRFAPSGNFGQHYNYSNTQFDEQKNISNDYAESHQPFGYSNQSYQSGHQQSYAPN	GTFSHNDNSLYRDYGQVGYYE	72.0178	SWNQVSQGNNGYPEHMIFDPQYPGWYYDTIAQEWRSLETYHSSIQYAVQGHGNGHASSGTFSHNDNSLYRDYGQVGYYESQGVGSQAANNNWSGSYGINHQQDLDRHTTDTATKSGGSAYGGNQQFDHSFGSSNSVNKNQQNA
175	RHN79243.1	22	326	405	80	11.665	13	72	60	0.194	65	11.665	13	72	60	12.708	13	77	65	427	5.614	0.186	QQNHILNGDFNSEFGNCSSQYFDMRNASNIGNFSQPLVMEQSSYIVQSQNQNQGQGKSSS	QQNHILNGDFNSEFG	QNQGQGKSSSSSSSS	QQNHILNGDFNSEFGNCSSQYFDMRNASNIGNFSQPLVMEQSSYIVQSQNQNQGQGKSSSSSSSS	LKMMFDQQQKTNSTCQLNTQN	62.048	EQLEIQRKLQLRIEEQGKQLKMMFDQQQKTNSTCQLNTQNLDNTPNNDTPISPKDIEVTIFEGSHSQYS
176	RHN49101.1	20	288	367	80	12.754	281	340	60	0.213	89	11.553	285	344	60	14.016	285	373	89	373	7.861	4.998	MNMNMNMNAQHLMMGFRPHVQFPIPQMGDGVTNNNNDRVQMFGFSNQLPPQMSIPNAPFI	MNMNMNMNAQHLMMG	PTTFGNQNQPGRTCG	MNMNMNMNAQHLMMGFRPHVQFPIPQMGDGVTNNNNDRVQMFGFSNQLPPQMSIPNAPFIPPIIGNSSSTTPPTPTTFGNQNQPGRTCG	ACTKFQQQKHLTLNAATKSNS	63.7521	YLMGCEYQKNGKVNFSNFSIPAVFLKSNQQRVQEKESKAVACTKFQQQKHLTLNAATKSNSGYERSREL
177	RHN44439.1	24	134	213	80	10.696	267	326	60	0.178	119	10.696	267	326	60	17.262	209	327	119	351	8.928	3.78	STGNSSQMMLGTTQSYFSSNVNAMEMDHHHQREIHNHHYHQMLSSSNSSQNPMTNSLNNP	PNNNNMLQRPNHPSF	NSSQNPMTNSLNNPS	PNNNNMLQRPNHPSFLGLLNNMPLGTNYQWGGTSNDAENSSQLGNNGFITSLPPMLSLSTGNSSQMMLGTTQSYFSSNVNAMEMDHHHQREIHNHHYHQMLSSSNSSQNPMTNSLNNPS	SNELNNQQLFNFNRNNIHWEG	72.2726	NFGFPSSNELNNQQLFNFNRNNIHWEGSTSSQNSTWKSNPKEVSRELVNDKPNYLMNSTQEEENINKQGSNIEVPTATVFPNNNNML
178	RHN58223.1	28	411	490	80	15.117	422	481	60	0.252	195	10.302	190	249	60	17.591	190	384	195	1709	19.046	8.674	SNGYQQSSTSFSAGSVGNMSSMSVPRTSSQMIPTPGYTVNSNHSHMNVDSSTNGNVFSSA	SNGYQQSSTSFSAGS	SSGSMMNTRNTNSVQ	SNGYQQSSTSFSAGSVGNMSSMSVPRTSSQMIPTPGYTVNSNHSHMNVDSSTNGNVFSSAESTMVPLSQLQQQKQHVGDQSQVLPNIGSQMSSGMRSGLLHKQFTNSNGAVNSGLGLIGNNIQLPNEPVTSDGYASTYANSPKHIHQHFDQNQKPVMQGDGYGLNNVDPFASGNFYASATSSGSMMNTRNTNSVQ	NDNAFNQSQLSSNLENQVKSE	71.6993	AINQLEKLNFQSSSTSRDALLHSQQQYQQRPHQFQQSEQYPQSQQQFQLKLHSQQPRHLVNDNAFNQSQLSSNLENQVKSEPGIEHHKEVLSSHVPEQFHMSEIQNQFQQNSSEDCSRAQYLSFPSGQHNLSSSV
179	RHN68845.1	26	507	586	80	9.836	527	586	60	0.164	72	9.836	527	586	60	16.138	515	586	72	629	7.432	3.28	NYFRGQGMVMEGNMFEATNMSNNNHHHMFARDEGQFDQRFKALNSPFENNHNHNQNHNNN	PQASSIQQLQQQNYF	PFENNHNHNQNHNNN	PQASSIQQLQQQNYFRGQGMVMEGNMFEATNMSNNNHHHMFARDEGQFDQRFKALNSPFENNHNHNQNHNNN	EGNMFEATNMSNNNHHHMFAR	64.1025	QGMVMEGNMFEATNMSNNNHHHMFARDEGQFDQRFKALNSPFENNHNHNQNHNNNFHLMFGSPPHCDLTSYEFKGDMH
180	RHN45827.1	18	208	287	80	9.447	208	267	60	0.157	151	9.447	208	267	60	19.166	208	358	151	434	9.739	4.986	QAPSRPAMQQKPPFFGQQHHPSDSISGSVGGMQQGFHQQSFDMQQHPPQEPVQFTDRQQS	QAPSRPAMQQKPPFF	GVPNGPNFQGNYPQP	QAPSRPAMQQKPPFFGQQHHPSDSISGSVGGMQQGFHQQSFDMQQHPPQEPVQFTDRQQSVGPDNSFPEYPTMHPAQPTNVPPHPNSMLNPPMPFGYPPFLQDRAQPFYAAPYDMPRQDSSSDIGGDPNSLMGYPQGVPNGPNFQGNYPQP	SDSISGSVGGMQQGFHQQSFD	66.6825	NSHDLEDRTRRQPPRDQAPSRPAMQQKPPFFGQQHHPSDSISGSVGGMQQGFHQQSFDMQQHPPQEPVQFTDRQQSVGPDNSFPEYPTMHPAQPTNVPPHPNSMLNPPMPFGYP
181	RHN65096.1	17	71	150	80	8.971	125	184	60	0.15	91	8.234	117	176	60	14.57	89	179	91	323	5.662	1.653	NGNGHTEEFTNYGTSSNTVGSDFSNYAETSNSGNDSFKGYSVDMNNPTNTFSNYANGGNG	NANGRTQSFNSYTEN	NTFSNYANGGNGAIQ	NANGRTQSFNSYTENGNGGDQSFTSYGKNGNGHTEEFTNYGTSSNTVGSDFSNYAETSNSGNDSFKGYSVDMNNPTNTFSNYANGGNGAIQ	QSFNSYTENGNGGDQSFTSYG	74.8367	VFTSYSDNANGRTQSFNSYTENGNGGDQSFTSYGKNGNGHTEEFTNYGTSSNTVGSDFSNYAETSNSGNDSFK
